{
    "time": {
        "cpu_time_user": "00:00:00.070",
        "cpu_time_system": "00:00:00.020",
        "runtime": "00:00:00.100",
        "cpu_time_iowait": "00:00:00.000"
    },
    "peak_resources": {
        "cpu_percent": 89.7,
        "memory_rss": "580KiB",
        "memory_vms": "9MiB",
        "threads": 1
    },
    "avg_resources": {
        "cpu_percent": 29.900000000000002,
        "memory_rss": "193KiB",
        "memory_vms": "3MiB",
        "threads": 0.6666666666666666
    }
}