{
    "nl": "/home/nakanomiku/DigitalDesign/clk_int_div/runs/RUN_2024-11-01_17-08-01/06-yosys-synthesis/clk_int_div.nl.v",
    "pnl": null,
    "pnl-sdf-friendly": null,
    "pnl-npc": null,
    "def": null,
    "lef": null,
    "openroad-lef": null,
    "odb": null,
    "sdc": null,
    "sdf": {
        "nom_tt_025C_1v80": "/home/nakanomiku/DigitalDesign/clk_int_div/runs/RUN_2024-11-01_17-08-01/12-openroad-staprepnr/nom_tt_025C_1v80/clk_int_div__nom_tt_025C_1v80.sdf",
        "nom_ss_100C_1v60": "/home/nakanomiku/DigitalDesign/clk_int_div/runs/RUN_2024-11-01_17-08-01/12-openroad-staprepnr/nom_ss_100C_1v60/clk_int_div__nom_ss_100C_1v60.sdf",
        "nom_ff_n40C_1v95": "/home/nakanomiku/DigitalDesign/clk_int_div/runs/RUN_2024-11-01_17-08-01/12-openroad-staprepnr/nom_ff_n40C_1v95/clk_int_div__nom_ff_n40C_1v95.sdf"
    },
    "spef": null,
    "lib": null,
    "spice": null,
    "mag": null,
    "gds": null,
    "mag_gds": null,
    "klayout_gds": null,
    "json_h": "/home/nakanomiku/DigitalDesign/clk_int_div/runs/RUN_2024-11-01_17-08-01/05-yosys-jsonheader/clk_int_div.h.json",
    "vh": null,
    "metrics": {
        "design__lint_error__count": 0,
        "design__lint_timing_construct__count": 0,
        "design__lint_warning__count": 7,
        "design__inferred_latch__count": 0,
        "design__instance__count": 169,
        "design__instance__area": 2041.9584,
        "design__instance_unmapped__count": 0,
        "synthesis__check_error__count": 0,
        "design__max_slew_violation__count__corner:nom_tt_025C_1v80": 0,
        "design__max_fanout_violation__count__corner:nom_tt_025C_1v80": 8,
        "design__max_cap_violation__count__corner:nom_tt_025C_1v80": 0,
        "power__internal__total": 0.00020741527259815484,
        "power__switching__total": 0.00034005939960479736,
        "power__leakage__total": 1.8527649414679104e-09,
        "power__total": 0.0005474765202961862,
        "clock__skew__worst_hold__corner:nom_tt_025C_1v80": 0,
        "clock__skew__worst_setup__corner:nom_tt_025C_1v80": 0,
        "timing__hold__ws__corner:nom_tt_025C_1v80": 2.022660318707292,
        "timing__setup__ws__corner:nom_tt_025C_1v80": 1.0564109885881283,
        "timing__hold__tns__corner:nom_tt_025C_1v80": 0,
        "timing__setup__tns__corner:nom_tt_025C_1v80": 0,
        "timing__hold__wns__corner:nom_tt_025C_1v80": 0,
        "timing__setup__wns__corner:nom_tt_025C_1v80": 0,
        "timing__hold_vio__count__corner:nom_tt_025C_1v80": 0,
        "timing__hold_r2r__ws__corner:nom_tt_025C_1v80": Infinity,
        "timing__hold_r2r_vio__count__corner:nom_tt_025C_1v80": 0,
        "timing__setup_vio__count__corner:nom_tt_025C_1v80": 0,
        "timing__setup_r2r__ws__corner:nom_tt_025C_1v80": Infinity,
        "timing__setup_r2r_vio__count__corner:nom_tt_025C_1v80": 0,
        "design__max_slew_violation__count__corner:nom_ss_100C_1v60": 0,
        "design__max_fanout_violation__count__corner:nom_ss_100C_1v60": 8,
        "design__max_cap_violation__count__corner:nom_ss_100C_1v60": 0,
        "clock__skew__worst_hold__corner:nom_ss_100C_1v60": 0,
        "clock__skew__worst_setup__corner:nom_ss_100C_1v60": 0,
        "timing__hold__ws__corner:nom_ss_100C_1v60": 2.259031692316335,
        "timing__setup__ws__corner:nom_ss_100C_1v60": -0.9362804130340631,
        "timing__hold__tns__corner:nom_ss_100C_1v60": 0,
        "timing__setup__tns__corner:nom_ss_100C_1v60": -0.9362804130340631,
        "timing__hold__wns__corner:nom_ss_100C_1v60": 0,
        "timing__setup__wns__corner:nom_ss_100C_1v60": -0.9362804130340631,
        "timing__hold_vio__count__corner:nom_ss_100C_1v60": 0,
        "timing__hold_r2r__ws__corner:nom_ss_100C_1v60": Infinity,
        "timing__hold_r2r_vio__count__corner:nom_ss_100C_1v60": 0,
        "timing__setup_vio__count__corner:nom_ss_100C_1v60": 1,
        "timing__setup_r2r__ws__corner:nom_ss_100C_1v60": Infinity,
        "timing__setup_r2r_vio__count__corner:nom_ss_100C_1v60": 0,
        "design__max_slew_violation__count__corner:nom_ff_n40C_1v95": 0,
        "design__max_fanout_violation__count__corner:nom_ff_n40C_1v95": 8,
        "design__max_cap_violation__count__corner:nom_ff_n40C_1v95": 0,
        "clock__skew__worst_hold__corner:nom_ff_n40C_1v95": 0,
        "clock__skew__worst_setup__corner:nom_ff_n40C_1v95": 0,
        "timing__hold__ws__corner:nom_ff_n40C_1v95": 1.925122338254101,
        "timing__setup__ws__corner:nom_ff_n40C_1v95": 1.7697648292216037,
        "timing__hold__tns__corner:nom_ff_n40C_1v95": 0,
        "timing__setup__tns__corner:nom_ff_n40C_1v95": 0,
        "timing__hold__wns__corner:nom_ff_n40C_1v95": 0,
        "timing__setup__wns__corner:nom_ff_n40C_1v95": 0,
        "timing__hold_vio__count__corner:nom_ff_n40C_1v95": 0,
        "timing__hold_r2r__ws__corner:nom_ff_n40C_1v95": Infinity,
        "timing__hold_r2r_vio__count__corner:nom_ff_n40C_1v95": 0,
        "timing__setup_vio__count__corner:nom_ff_n40C_1v95": 0,
        "timing__setup_r2r__ws__corner:nom_ff_n40C_1v95": Infinity,
        "timing__setup_r2r_vio__count__corner:nom_ff_n40C_1v95": 0,
        "design__max_slew_violation__count": 0,
        "design__max_fanout_violation__count": 8,
        "design__max_cap_violation__count": 0,
        "clock__skew__worst_hold": 0,
        "clock__skew__worst_setup": 0,
        "timing__hold__ws": 1.925122338254101,
        "timing__setup__ws": -0.9362804130340631,
        "timing__hold__tns": 0,
        "timing__setup__tns": -0.9362804130340631,
        "timing__hold__wns": 0,
        "timing__setup__wns": -0.9362804130340631,
        "timing__hold_vio__count": 0,
        "timing__hold_r2r__ws": Infinity,
        "timing__hold_r2r_vio__count": 0,
        "timing__setup_vio__count": 1,
        "timing__setup_r2r__ws": Infinity,
        "timing__setup_r2r_vio__count": 0
    }
}