{
    "time": {
        "cpu_time_user": "00:00:00.300",
        "cpu_time_system": "00:00:00.050",
        "runtime": "00:00:00.401",
        "cpu_time_iowait": "00:00:00.000"
    },
    "peak_resources": {
        "cpu_percent": 99.6,
        "memory_rss": "123MiB",
        "memory_vms": "266MiB",
        "threads": 2
    },
    "avg_resources": {
        "cpu_percent": 58.099999999999994,
        "memory_rss": "56MiB",
        "memory_vms": "128MiB",
        "threads": 1.3333333333333333
    }
}