{
	"design__io": 23,
	"design__die__area": 6420.16,
	"design__core__area": 3971.31,
	"design__instance__count": 219,
	"design__instance__area": 2104.52,
	"design__instance__count__stdcell": 219,
	"design__instance__area__stdcell": 2104.52,
	"design__instance__count__macros": 0,
	"design__instance__area__macros": 0,
	"design__instance__utilization": 0.529931,
	"design__instance__utilization__stdcell": 0.529931,
	"design__instance__count__class:fill_cell": 46,
	"design__instance__count__class:tap_cell": 50,
	"design__instance__count__class:inverter": 8,
	"design__instance__count__class:sequential_cell": 25,
	"design__instance__count__class:multi_input_combinational_cell": 136,
	"flow__warnings__count": 4,
	"flow__errors__count": 0
}