{
    "time": {
        "cpu_time_user": "00:00:00.300",
        "cpu_time_system": "00:00:00.030",
        "runtime": "00:00:00.409",
        "cpu_time_iowait": "00:00:00.000"
    },
    "peak_resources": {
        "cpu_percent": 109.4,
        "memory_rss": "51MiB",
        "memory_vms": "63MiB",
        "threads": 1
    },
    "avg_resources": {
        "cpu_percent": 52.166666666666664,
        "memory_rss": "26MiB",
        "memory_vms": "35MiB",
        "threads": 0.8333333333333334
    }
}