{
    "time": {
        "cpu_time_user": "00:00:00.660",
        "cpu_time_system": "00:00:00.040",
        "runtime": "00:00:01.278",
        "cpu_time_iowait": "00:00:00.000"
    },
    "peak_resources": {
        "cpu_percent": 110.2,
        "memory_rss": "72MiB",
        "memory_vms": "108MiB",
        "threads": 1
    },
    "avg_resources": {
        "cpu_percent": 47.51428571428571,
        "memory_rss": "49MiB",
        "memory_vms": "76MiB",
        "threads": 0.9285714285714286
    }
}