{
    "time": {
        "cpu_time_user": "00:00:00.420",
        "cpu_time_system": "00:00:00.080",
        "runtime": "00:00:00.511",
        "cpu_time_iowait": "00:00:00.000"
    },
    "peak_resources": {
        "cpu_percent": 116.9,
        "memory_rss": "139MiB",
        "memory_vms": "279MiB",
        "threads": 2
    },
    "avg_resources": {
        "cpu_percent": 69.89999999999999,
        "memory_rss": "71MiB",
        "memory_vms": "172MiB",
        "threads": 1.4285714285714286
    }
}