{
    "time": {
        "cpu_time_user": "00:00:00.280",
        "cpu_time_system": "00:00:00.060",
        "runtime": "00:00:00.402",
        "cpu_time_iowait": "00:00:00.000"
    },
    "peak_resources": {
        "cpu_percent": 99.6,
        "memory_rss": "124MiB",
        "memory_vms": "268MiB",
        "threads": 2
    },
    "avg_resources": {
        "cpu_percent": 56.33333333333332,
        "memory_rss": "55MiB",
        "memory_vms": "128MiB",
        "threads": 1.3333333333333333
    }
}