{
    "time": {
        "cpu_time_user": "00:00:00.270",
        "cpu_time_system": "00:00:00.040",
        "runtime": "00:00:00.403",
        "cpu_time_iowait": "00:00:00.000"
    },
    "peak_resources": {
        "cpu_percent": 99.5,
        "memory_rss": "137MiB",
        "memory_vms": "279MiB",
        "threads": 2
    },
    "avg_resources": {
        "cpu_percent": 51.38333333333333,
        "memory_rss": "61MiB",
        "memory_vms": "132MiB",
        "threads": 1.3333333333333333
    }
}