{
    "time": {
        "cpu_time_user": "00:00:00.230",
        "cpu_time_system": "00:00:00.080",
        "runtime": "00:00:00.401",
        "cpu_time_iowait": "00:00:00.000"
    },
    "peak_resources": {
        "cpu_percent": 109.6,
        "memory_rss": "138MiB",
        "memory_vms": "279MiB",
        "threads": 2
    },
    "avg_resources": {
        "cpu_percent": 51.46666666666666,
        "memory_rss": "62MiB",
        "memory_vms": "132MiB",
        "threads": 1.3333333333333333
    }
}