{
    "time": {
        "cpu_time_user": "00:00:00.220",
        "cpu_time_system": "00:00:00.090",
        "runtime": "00:00:00.402",
        "cpu_time_iowait": "00:00:00.000"
    },
    "peak_resources": {
        "cpu_percent": 99.5,
        "memory_rss": "142MiB",
        "memory_vms": "280MiB",
        "threads": 2
    },
    "avg_resources": {
        "cpu_percent": 51.400000000000006,
        "memory_rss": "63MiB",
        "memory_vms": "134MiB",
        "threads": 1.3333333333333333
    }
}