{
    "nl": "/home/nakanomiku/DigitalDesign/clk_int_div/runs/RUN_2024-10-31_18-04-53/06-yosys-synthesis/clk_int_div.nl.v",
    "pnl": null,
    "pnl-sdf-friendly": null,
    "pnl-npc": null,
    "def": null,
    "lef": null,
    "openroad-lef": null,
    "odb": null,
    "sdc": null,
    "sdf": {
        "nom_tt_025C_1v80": "/home/nakanomiku/DigitalDesign/clk_int_div/runs/RUN_2024-10-31_18-04-53/12-openroad-staprepnr/nom_tt_025C_1v80/clk_int_div__nom_tt_025C_1v80.sdf",
        "nom_ss_100C_1v60": "/home/nakanomiku/DigitalDesign/clk_int_div/runs/RUN_2024-10-31_18-04-53/12-openroad-staprepnr/nom_ss_100C_1v60/clk_int_div__nom_ss_100C_1v60.sdf",
        "nom_ff_n40C_1v95": "/home/nakanomiku/DigitalDesign/clk_int_div/runs/RUN_2024-10-31_18-04-53/12-openroad-staprepnr/nom_ff_n40C_1v95/clk_int_div__nom_ff_n40C_1v95.sdf"
    },
    "spef": null,
    "lib": null,
    "spice": null,
    "mag": null,
    "gds": null,
    "mag_gds": null,
    "klayout_gds": null,
    "json_h": "/home/nakanomiku/DigitalDesign/clk_int_div/runs/RUN_2024-10-31_18-04-53/05-yosys-jsonheader/clk_int_div.h.json",
    "vh": null,
    "metrics": {
        "design__lint_error__count": 0,
        "design__lint_timing_construct__count": 0,
        "design__lint_warning__count": 7,
        "design__inferred_latch__count": 0,
        "design__instance__count": 98,
        "design__instance__area": 1236.1856,
        "design__instance_unmapped__count": 0,
        "synthesis__check_error__count": 0,
        "design__max_slew_violation__count__corner:nom_tt_025C_1v80": 0,
        "design__max_fanout_violation__count__corner:nom_tt_025C_1v80": 2,
        "design__max_cap_violation__count__corner:nom_tt_025C_1v80": 0,
        "power__internal__total": 0.00022105748939793557,
        "power__switching__total": 0.0002757837646640837,
        "power__leakage__total": 1.0621743484762192e-09,
        "power__total": 0.000496842316351831,
        "clock__skew__worst_hold__corner:nom_tt_025C_1v80": 0,
        "clock__skew__worst_setup__corner:nom_tt_025C_1v80": 0,
        "timing__hold__ws__corner:nom_tt_025C_1v80": 2.086339382531684,
        "timing__setup__ws__corner:nom_tt_025C_1v80": 1.2368275642627635,
        "timing__hold__tns__corner:nom_tt_025C_1v80": 0,
        "timing__setup__tns__corner:nom_tt_025C_1v80": 0,
        "timing__hold__wns__corner:nom_tt_025C_1v80": 0,
        "timing__setup__wns__corner:nom_tt_025C_1v80": 0,
        "timing__hold_vio__count__corner:nom_tt_025C_1v80": 0,
        "timing__hold_r2r__ws__corner:nom_tt_025C_1v80": Infinity,
        "timing__hold_r2r_vio__count__corner:nom_tt_025C_1v80": 0,
        "timing__setup_vio__count__corner:nom_tt_025C_1v80": 0,
        "timing__setup_r2r__ws__corner:nom_tt_025C_1v80": Infinity,
        "timing__setup_r2r_vio__count__corner:nom_tt_025C_1v80": 0,
        "design__max_slew_violation__count__corner:nom_ss_100C_1v60": 0,
        "design__max_fanout_violation__count__corner:nom_ss_100C_1v60": 2,
        "design__max_cap_violation__count__corner:nom_ss_100C_1v60": 0,
        "clock__skew__worst_hold__corner:nom_ss_100C_1v60": 0,
        "clock__skew__worst_setup__corner:nom_ss_100C_1v60": 0,
        "timing__hold__ws__corner:nom_ss_100C_1v60": 2.4328897363098116,
        "timing__setup__ws__corner:nom_ss_100C_1v60": -0.46705840517124136,
        "timing__hold__tns__corner:nom_ss_100C_1v60": 0,
        "timing__setup__tns__corner:nom_ss_100C_1v60": -0.46705840517124136,
        "timing__hold__wns__corner:nom_ss_100C_1v60": 0,
        "timing__setup__wns__corner:nom_ss_100C_1v60": -0.46705840517124136,
        "timing__hold_vio__count__corner:nom_ss_100C_1v60": 0,
        "timing__hold_r2r__ws__corner:nom_ss_100C_1v60": Infinity,
        "timing__hold_r2r_vio__count__corner:nom_ss_100C_1v60": 0,
        "timing__setup_vio__count__corner:nom_ss_100C_1v60": 1,
        "timing__setup_r2r__ws__corner:nom_ss_100C_1v60": Infinity,
        "timing__setup_r2r_vio__count__corner:nom_ss_100C_1v60": 0,
        "design__max_slew_violation__count__corner:nom_ff_n40C_1v95": 0,
        "design__max_fanout_violation__count__corner:nom_ff_n40C_1v95": 2,
        "design__max_cap_violation__count__corner:nom_ff_n40C_1v95": 0,
        "clock__skew__worst_hold__corner:nom_ff_n40C_1v95": 0,
        "clock__skew__worst_setup__corner:nom_ff_n40C_1v95": 0,
        "timing__hold__ws__corner:nom_ff_n40C_1v95": 1.9687132481473986,
        "timing__setup__ws__corner:nom_ff_n40C_1v95": 1.8251582983788857,
        "timing__hold__tns__corner:nom_ff_n40C_1v95": 0,
        "timing__setup__tns__corner:nom_ff_n40C_1v95": 0,
        "timing__hold__wns__corner:nom_ff_n40C_1v95": 0,
        "timing__setup__wns__corner:nom_ff_n40C_1v95": 0,
        "timing__hold_vio__count__corner:nom_ff_n40C_1v95": 0,
        "timing__hold_r2r__ws__corner:nom_ff_n40C_1v95": Infinity,
        "timing__hold_r2r_vio__count__corner:nom_ff_n40C_1v95": 0,
        "timing__setup_vio__count__corner:nom_ff_n40C_1v95": 0,
        "timing__setup_r2r__ws__corner:nom_ff_n40C_1v95": Infinity,
        "timing__setup_r2r_vio__count__corner:nom_ff_n40C_1v95": 0,
        "design__max_slew_violation__count": 0,
        "design__max_fanout_violation__count": 2,
        "design__max_cap_violation__count": 0,
        "clock__skew__worst_hold": 0,
        "clock__skew__worst_setup": 0,
        "timing__hold__ws": 1.9687132481473986,
        "timing__setup__ws": -0.46705840517124136,
        "timing__hold__tns": 0,
        "timing__setup__tns": -0.46705840517124136,
        "timing__hold__wns": 0,
        "timing__setup__wns": -0.46705840517124136,
        "timing__hold_vio__count": 0,
        "timing__hold_r2r__ws": Infinity,
        "timing__hold_r2r_vio__count": 0,
        "timing__setup_vio__count": 1,
        "timing__setup_r2r__ws": Infinity,
        "timing__setup_r2r_vio__count": 0
    }
}