{
    "time": {
        "cpu_time_user": "00:00:00.630",
        "cpu_time_system": "00:00:00.110",
        "runtime": "00:00:00.731",
        "cpu_time_iowait": "00:00:00.000"
    },
    "peak_resources": {
        "cpu_percent": 120.5,
        "memory_rss": "116MiB",
        "memory_vms": "1GiB",
        "threads": 17
    },
    "avg_resources": {
        "cpu_percent": 79.41111111111111,
        "memory_rss": "61MiB",
        "memory_vms": "536MiB",
        "threads": 6.222222222222222
    }
}