{
    "time": {
        "cpu_time_user": "00:00:00.300",
        "cpu_time_system": "00:00:00.080",
        "runtime": "00:00:00.403",
        "cpu_time_iowait": "00:00:00.000"
    },
    "peak_resources": {
        "cpu_percent": 99.5,
        "memory_rss": "125MiB",
        "memory_vms": "268MiB",
        "threads": 2
    },
    "avg_resources": {
        "cpu_percent": 62.949999999999996,
        "memory_rss": "56MiB",
        "memory_vms": "129MiB",
        "threads": 1.3333333333333333
    }
}