{
    "time": {
        "cpu_time_user": "00:00:00.450",
        "cpu_time_system": "00:00:00.040",
        "runtime": "00:00:00.513",
        "cpu_time_iowait": "00:00:00.000"
    },
    "peak_resources": {
        "cpu_percent": 109.4,
        "memory_rss": "46MiB",
        "memory_vms": "58MiB",
        "threads": 1
    },
    "avg_resources": {
        "cpu_percent": 69.14285714285715,
        "memory_rss": "22MiB",
        "memory_vms": "31MiB",
        "threads": 0.8571428571428571
    }
}