{
    "time": {
        "cpu_time_user": "00:00:00.300",
        "cpu_time_system": "00:00:00.040",
        "runtime": "00:00:00.410",
        "cpu_time_iowait": "00:00:00.000"
    },
    "peak_resources": {
        "cpu_percent": 102.6,
        "memory_rss": "45MiB",
        "memory_vms": "58MiB",
        "threads": 1
    },
    "avg_resources": {
        "cpu_percent": 50.26666666666667,
        "memory_rss": "19MiB",
        "memory_vms": "25MiB",
        "threads": 0.8333333333333334
    }
}