{
    "time": {
        "cpu_time_user": "00:00:00.430",
        "cpu_time_system": "00:00:00.080",
        "runtime": "00:00:00.515",
        "cpu_time_iowait": "00:00:00.000"
    },
    "peak_resources": {
        "cpu_percent": 108.6,
        "memory_rss": "142MiB",
        "memory_vms": "280MiB",
        "threads": 2
    },
    "avg_resources": {
        "cpu_percent": 69.65714285714286,
        "memory_rss": "76MiB",
        "memory_vms": "181MiB",
        "threads": 1.4285714285714286
    }
}