{
    "time": {
        "cpu_time_user": "00:00:00.280",
        "cpu_time_system": "00:00:00.060",
        "runtime": "00:00:00.405",
        "cpu_time_iowait": "00:00:00.000"
    },
    "peak_resources": {
        "cpu_percent": 99.4,
        "memory_rss": "51MiB",
        "memory_vms": "63MiB",
        "threads": 1
    },
    "avg_resources": {
        "cpu_percent": 54.300000000000004,
        "memory_rss": "24MiB",
        "memory_vms": "32MiB",
        "threads": 0.8333333333333334
    }
}