{
    "time": {
        "cpu_time_user": "00:00:00.330",
        "cpu_time_system": "00:00:00.050",
        "runtime": "00:00:00.402",
        "cpu_time_iowait": "00:00:00.000"
    },
    "peak_resources": {
        "cpu_percent": 99.6,
        "memory_rss": "123MiB",
        "memory_vms": "267MiB",
        "threads": 2
    },
    "avg_resources": {
        "cpu_percent": 62.98333333333333,
        "memory_rss": "55MiB",
        "memory_vms": "128MiB",
        "threads": 1.3333333333333333
    }
}