{
    "time": {
        "cpu_time_user": "00:00:00.440",
        "cpu_time_system": "00:00:00.070",
        "runtime": "00:00:00.517",
        "cpu_time_iowait": "00:00:00.000"
    },
    "peak_resources": {
        "cpu_percent": 107.6,
        "memory_rss": "140MiB",
        "memory_vms": "280MiB",
        "threads": 2
    },
    "avg_resources": {
        "cpu_percent": 70.64285714285714,
        "memory_rss": "72MiB",
        "memory_vms": "179MiB",
        "threads": 1.4285714285714286
    }
}