{
    "time": {
        "cpu_time_user": "00:00:00.290",
        "cpu_time_system": "00:00:00.040",
        "runtime": "00:00:00.407",
        "cpu_time_iowait": "00:00:00.000"
    },
    "peak_resources": {
        "cpu_percent": 103.4,
        "memory_rss": "50MiB",
        "memory_vms": "63MiB",
        "threads": 1
    },
    "avg_resources": {
        "cpu_percent": 53.78333333333333,
        "memory_rss": "24MiB",
        "memory_vms": "32MiB",
        "threads": 0.8333333333333334
    }
}