{
    "time": {
        "cpu_time_user": "00:00:00.200",
        "cpu_time_system": "00:00:00.220",
        "runtime": "00:00:00.524",
        "cpu_time_iowait": "00:00:00.000"
    },
    "peak_resources": {
        "cpu_percent": 103.8,
        "memory_rss": "528MiB",
        "memory_vms": "532MiB",
        "threads": 1
    },
    "avg_resources": {
        "cpu_percent": 58.142857142857146,
        "memory_rss": "163MiB",
        "memory_vms": "165MiB",
        "threads": 0.8571428571428571
    }
}