{
    "nl": "/home/nakanomiku/DigitalDesign/clk_int_div/runs/RUN_2024-10-31_18-04-53/06-yosys-synthesis/clk_int_div.nl.v",
    "pnl": null,
    "pnl-sdf-friendly": null,
    "pnl-npc": null,
    "def": null,
    "lef": null,
    "openroad-lef": null,
    "odb": null,
    "sdc": null,
    "sdf": null,
    "spef": null,
    "lib": null,
    "spice": null,
    "mag": null,
    "gds": null,
    "mag_gds": null,
    "klayout_gds": null,
    "json_h": "/home/nakanomiku/DigitalDesign/clk_int_div/runs/RUN_2024-10-31_18-04-53/05-yosys-jsonheader/clk_int_div.h.json",
    "vh": null,
    "metrics": {
        "design__lint_error__count": 0,
        "design__lint_timing_construct__count": 0,
        "design__lint_warning__count": 7,
        "design__inferred_latch__count": 0,
        "design__instance__count": 98,
        "design__instance__area": 1236.1856,
        "design__instance_unmapped__count": 0,
        "synthesis__check_error__count": 0
    }
}