{
    "time": {
        "cpu_time_user": "00:00:00.770",
        "cpu_time_system": "00:00:00.040",
        "runtime": "00:00:01.148",
        "cpu_time_iowait": "00:00:00.000"
    },
    "peak_resources": {
        "cpu_percent": 109.4,
        "memory_rss": "72MiB",
        "memory_vms": "108MiB",
        "threads": 1
    },
    "avg_resources": {
        "cpu_percent": 59.69999999999999,
        "memory_rss": "51MiB",
        "memory_vms": "80MiB",
        "threads": 0.9166666666666666
    }
}