{
    "time": {
        "cpu_time_user": "00:00:56.579",
        "cpu_time_system": "00:00:03.009",
        "runtime": "00:00:10.543",
        "cpu_time_iowait": "00:00:00.000"
    },
    "peak_resources": {
        "cpu_percent": 1591.4,
        "memory_rss": "584MiB",
        "memory_vms": "1GiB",
        "threads": 33
    },
    "avg_resources": {
        "cpu_percent": 558.6885714285711,
        "memory_rss": "362MiB",
        "memory_vms": "1GiB",
        "threads": 31.34285714285714
    }
}