{
	"route__net": 220,
	"route__net__special": 2,
	"route__drc_errors__iter:1": 76,
	"route__wirelength__iter:1": 3973,
	"route__drc_errors__iter:2": 12,
	"route__wirelength__iter:2": 3959,
	"route__drc_errors__iter:3": 14,
	"route__wirelength__iter:3": 3925,
	"route__drc_errors__iter:4": 0,
	"route__wirelength__iter:4": 3925,
	"route__drc_errors": 0,
	"route__wirelength": 3925,
	"route__vias": 1424,
	"route__vias__singlecut": 1424,
	"route__vias__multicut": 0,
	"design__io": 25,
	"design__die__area": 6420.16,
	"design__core__area": 3971.31,
	"design__instance__count": 257,
	"design__instance__area": 2054.47,
	"design__instance__count__stdcell": 257,
	"design__instance__area__stdcell": 2054.47,
	"design__instance__count__macros": 0,
	"design__instance__area__macros": 0,
	"design__instance__utilization": 0.517328,
	"design__instance__utilization__stdcell": 0.517328,
	"design__instance__count__class:fill_cell": 46,
	"design__instance__count__class:tap_cell": 50,
	"design__instance__count__class:timing_repair_buffer": 38,
	"design__instance__count__class:inverter": 8,
	"design__instance__count__class:sequential_cell": 25,
	"design__instance__count__class:multi_input_combinational_cell": 136,
	"flow__warnings__count": 14,
	"flow__errors__count": 0
}