{
    "time": {
        "cpu_time_user": "00:00:00.160",
        "cpu_time_system": "00:00:00.080",
        "runtime": "00:00:00.403",
        "cpu_time_iowait": "00:00:00.000"
    },
    "peak_resources": {
        "cpu_percent": 99.2,
        "memory_rss": "80MiB",
        "memory_vms": "178MiB",
        "threads": 1
    },
    "avg_resources": {
        "cpu_percent": 39.73333333333333,
        "memory_rss": "19MiB",
        "memory_vms": "56MiB",
        "threads": 0.8333333333333334
    }
}