{
    "time": {
        "cpu_time_user": "00:00:00.310",
        "cpu_time_system": "00:00:00.030",
        "runtime": "00:00:00.434",
        "cpu_time_iowait": "00:00:00.000"
    },
    "peak_resources": {
        "cpu_percent": 109.3,
        "memory_rss": "50MiB",
        "memory_vms": "62MiB",
        "threads": 1
    },
    "avg_resources": {
        "cpu_percent": 51.23333333333333,
        "memory_rss": "25MiB",
        "memory_vms": "34MiB",
        "threads": 0.8333333333333334
    }
}