{
    "time": {
        "cpu_time_user": "00:00:00.320",
        "cpu_time_system": "00:00:00.010",
        "runtime": "00:00:00.413",
        "cpu_time_iowait": "00:00:00.000"
    },
    "peak_resources": {
        "cpu_percent": 109.6,
        "memory_rss": "50MiB",
        "memory_vms": "62MiB",
        "threads": 1
    },
    "avg_resources": {
        "cpu_percent": 49.916666666666664,
        "memory_rss": "27MiB",
        "memory_vms": "35MiB",
        "threads": 0.8333333333333334
    }
}