{
    "nl": "/home/nakanomiku/DigitalDesign/clk_int_div/runs/RUN_2024-10-31_18-04-53/13-openroad-floorplan/clk_int_div.nl.v",
    "pnl": "/home/nakanomiku/DigitalDesign/clk_int_div/runs/RUN_2024-10-31_18-04-53/13-openroad-floorplan/clk_int_div.pnl.v",
    "pnl-sdf-friendly": null,
    "pnl-npc": null,
    "def": "/home/nakanomiku/DigitalDesign/clk_int_div/runs/RUN_2024-10-31_18-04-53/13-openroad-floorplan/clk_int_div.def",
    "lef": null,
    "openroad-lef": null,
    "odb": "/home/nakanomiku/DigitalDesign/clk_int_div/runs/RUN_2024-10-31_18-04-53/13-openroad-floorplan/clk_int_div.odb",
    "sdc": "/home/nakanomiku/DigitalDesign/clk_int_div/runs/RUN_2024-10-31_18-04-53/13-openroad-floorplan/clk_int_div.sdc",
    "sdf": {
        "nom_tt_025C_1v80": "/home/nakanomiku/DigitalDesign/clk_int_div/runs/RUN_2024-10-31_18-04-53/12-openroad-staprepnr/nom_tt_025C_1v80/clk_int_div__nom_tt_025C_1v80.sdf",
        "nom_ss_100C_1v60": "/home/nakanomiku/DigitalDesign/clk_int_div/runs/RUN_2024-10-31_18-04-53/12-openroad-staprepnr/nom_ss_100C_1v60/clk_int_div__nom_ss_100C_1v60.sdf",
        "nom_ff_n40C_1v95": "/home/nakanomiku/DigitalDesign/clk_int_div/runs/RUN_2024-10-31_18-04-53/12-openroad-staprepnr/nom_ff_n40C_1v95/clk_int_div__nom_ff_n40C_1v95.sdf"
    },
    "spef": null,
    "lib": null,
    "spice": null,
    "mag": null,
    "gds": null,
    "mag_gds": null,
    "klayout_gds": null,
    "json_h": "/home/nakanomiku/DigitalDesign/clk_int_div/runs/RUN_2024-10-31_18-04-53/05-yosys-jsonheader/clk_int_div.h.json",
    "vh": null,
    "metrics": {
        "design__lint_error__count": 0,
        "design__lint_timing_construct__count": 0,
        "design__lint_warning__count": 7,
        "design__inferred_latch__count": 0,
        "design__instance__count": 98,
        "design__instance__area": 1236.19,
        "design__instance_unmapped__count": 0,
        "synthesis__check_error__count": 0,
        "design__max_slew_violation__count__corner:nom_tt_025C_1v80": 0,
        "design__max_fanout_violation__count__corner:nom_tt_025C_1v80": 2,
        "design__max_cap_violation__count__corner:nom_tt_025C_1v80": 0,
        "power__internal__total": 0.00022105748939793557,
        "power__switching__total": 0.0002757837646640837,
        "power__leakage__total": 1.0621743484762192e-09,
        "power__total": 0.000496842316351831,
        "clock__skew__worst_hold__corner:nom_tt_025C_1v80": 0,
        "clock__skew__worst_setup__corner:nom_tt_025C_1v80": 0,
        "timing__hold__ws__corner:nom_tt_025C_1v80": 2.086339382531684,
        "timing__setup__ws__corner:nom_tt_025C_1v80": 1.2368275642627635,
        "timing__hold__tns__corner:nom_tt_025C_1v80": 0,
        "timing__setup__tns__corner:nom_tt_025C_1v80": 0,
        "timing__hold__wns__corner:nom_tt_025C_1v80": 0,
        "timing__setup__wns__corner:nom_tt_025C_1v80": 0,
        "timing__hold_vio__count__corner:nom_tt_025C_1v80": 0,
        "timing__hold_r2r__ws__corner:nom_tt_025C_1v80": Infinity,
        "timing__hold_r2r_vio__count__corner:nom_tt_025C_1v80": 0,
        "timing__setup_vio__count__corner:nom_tt_025C_1v80": 0,
        "timing__setup_r2r__ws__corner:nom_tt_025C_1v80": Infinity,
        "timing__setup_r2r_vio__count__corner:nom_tt_025C_1v80": 0,
        "design__max_slew_violation__count__corner:nom_ss_100C_1v60": 0,
        "design__max_fanout_violation__count__corner:nom_ss_100C_1v60": 2,
        "design__max_cap_violation__count__corner:nom_ss_100C_1v60": 0,
        "clock__skew__worst_hold__corner:nom_ss_100C_1v60": 0,
        "clock__skew__worst_setup__corner:nom_ss_100C_1v60": 0,
        "timing__hold__ws__corner:nom_ss_100C_1v60": 2.4328897363098116,
        "timing__setup__ws__corner:nom_ss_100C_1v60": -0.46705840517124136,
        "timing__hold__tns__corner:nom_ss_100C_1v60": 0,
        "timing__setup__tns__corner:nom_ss_100C_1v60": -0.46705840517124136,
        "timing__hold__wns__corner:nom_ss_100C_1v60": 0,
        "timing__setup__wns__corner:nom_ss_100C_1v60": -0.46705840517124136,
        "timing__hold_vio__count__corner:nom_ss_100C_1v60": 0,
        "timing__hold_r2r__ws__corner:nom_ss_100C_1v60": Infinity,
        "timing__hold_r2r_vio__count__corner:nom_ss_100C_1v60": 0,
        "timing__setup_vio__count__corner:nom_ss_100C_1v60": 1,
        "timing__setup_r2r__ws__corner:nom_ss_100C_1v60": Infinity,
        "timing__setup_r2r_vio__count__corner:nom_ss_100C_1v60": 0,
        "design__max_slew_violation__count__corner:nom_ff_n40C_1v95": 0,
        "design__max_fanout_violation__count__corner:nom_ff_n40C_1v95": 2,
        "design__max_cap_violation__count__corner:nom_ff_n40C_1v95": 0,
        "clock__skew__worst_hold__corner:nom_ff_n40C_1v95": 0,
        "clock__skew__worst_setup__corner:nom_ff_n40C_1v95": 0,
        "timing__hold__ws__corner:nom_ff_n40C_1v95": 1.9687132481473986,
        "timing__setup__ws__corner:nom_ff_n40C_1v95": 1.8251582983788857,
        "timing__hold__tns__corner:nom_ff_n40C_1v95": 0,
        "timing__setup__tns__corner:nom_ff_n40C_1v95": 0,
        "timing__hold__wns__corner:nom_ff_n40C_1v95": 0,
        "timing__setup__wns__corner:nom_ff_n40C_1v95": 0,
        "timing__hold_vio__count__corner:nom_ff_n40C_1v95": 0,
        "timing__hold_r2r__ws__corner:nom_ff_n40C_1v95": Infinity,
        "timing__hold_r2r_vio__count__corner:nom_ff_n40C_1v95": 0,
        "timing__setup_vio__count__corner:nom_ff_n40C_1v95": 0,
        "timing__setup_r2r__ws__corner:nom_ff_n40C_1v95": Infinity,
        "timing__setup_r2r_vio__count__corner:nom_ff_n40C_1v95": 0,
        "design__max_slew_violation__count": 0,
        "design__max_fanout_violation__count": 2,
        "design__max_cap_violation__count": 0,
        "clock__skew__worst_hold": 0,
        "clock__skew__worst_setup": 0,
        "timing__hold__ws": 1.9687132481473986,
        "timing__setup__ws": -0.46705840517124136,
        "timing__hold__tns": 0,
        "timing__setup__tns": -0.46705840517124136,
        "timing__hold__wns": 0,
        "timing__setup__wns": -0.46705840517124136,
        "timing__hold_vio__count": 0,
        "timing__hold_r2r__ws": Infinity,
        "timing__hold_r2r_vio__count": 0,
        "timing__setup_vio__count": 1,
        "timing__setup_r2r__ws": Infinity,
        "timing__setup_r2r_vio__count": 0,
        "design__die__bbox": "0.0 0.0 60.76 71.48",
        "design__core__bbox": "5.52 10.88 55.2 59.84",
        "design__io": 15,
        "design__die__area": 4343.12,
        "design__core__area": 2432.33,
        "design__instance__count__stdcell": 98,
        "design__instance__area__stdcell": 1236.19,
        "design__instance__count__macros": 0,
        "design__instance__area__macros": 0,
        "design__instance__utilization": 0.50823,
        "design__instance__utilization__stdcell": 0.50823,
        "design__instance__count__class:inverter": 7,
        "design__instance__count__class:sequential_cell": 17,
        "design__instance__count__class:multi_input_combinational_cell": 74,
        "flow__warnings__count": 6,
        "flow__errors__count": 0
    }
}