{
    "time": {
        "cpu_time_user": "00:00:00.310",
        "cpu_time_system": "00:00:00.020",
        "runtime": "00:00:00.406",
        "cpu_time_iowait": "00:00:00.000"
    },
    "peak_resources": {
        "cpu_percent": 109.3,
        "memory_rss": "50MiB",
        "memory_vms": "62MiB",
        "threads": 1
    },
    "avg_resources": {
        "cpu_percent": 52.900000000000006,
        "memory_rss": "27MiB",
        "memory_vms": "35MiB",
        "threads": 0.8333333333333334
    }
}