{
    "time": {
        "cpu_time_user": "00:00:04.000",
        "cpu_time_system": "00:00:00.960",
        "runtime": "00:00:05.043",
        "cpu_time_iowait": "00:00:00.000"
    },
    "peak_resources": {
        "cpu_percent": 109.6,
        "memory_rss": "1GiB",
        "memory_vms": "2GiB",
        "threads": 2
    },
    "avg_resources": {
        "cpu_percent": 94.56153846153842,
        "memory_rss": "357MiB",
        "memory_vms": "571MiB",
        "threads": 1.9038461538461537
    }
}