{
    "time": {
        "cpu_time_user": "00:00:00.370",
        "cpu_time_system": "00:00:00.050",
        "runtime": "00:00:00.507",
        "cpu_time_iowait": "00:00:00.000"
    },
    "peak_resources": {
        "cpu_percent": 99.4,
        "memory_rss": "129MiB",
        "memory_vms": "271MiB",
        "threads": 2
    },
    "avg_resources": {
        "cpu_percent": 59.28571428571429,
        "memory_rss": "67MiB",
        "memory_vms": "149MiB",
        "threads": 1.4285714285714286
    }
}