{
	"design__io": 17,
	"design__die__area": 4343.12,
	"design__core__area": 2432.33,
	"design__instance__count": 147,
	"design__instance__area": 1187.39,
	"design__instance__count__stdcell": 147,
	"design__instance__area__stdcell": 1187.39,
	"design__instance__count__macros": 0,
	"design__instance__area__macros": 0,
	"design__instance__utilization": 0.488169,
	"design__instance__utilization__stdcell": 0.488169,
	"design__instance__count__class:fill_cell": 176,
	"design__instance__count__class:tap_cell": 30,
	"design__instance__count__class:standard_cell": 117,
	"flow__warnings__count": 2,
	"flow__errors__count": 0
}