{
    "time": {
        "cpu_time_user": "00:00:00.380",
        "cpu_time_system": "00:00:00.100",
        "runtime": "00:00:00.503",
        "cpu_time_iowait": "00:00:00.000"
    },
    "peak_resources": {
        "cpu_percent": 109.4,
        "memory_rss": "198MiB",
        "memory_vms": "340MiB",
        "threads": 2
    },
    "avg_resources": {
        "cpu_percent": 68.12857142857143,
        "memory_rss": "77MiB",
        "memory_vms": "159MiB",
        "threads": 1.4285714285714286
    }
}