{
    "time": {
        "cpu_time_user": "00:00:00.380",
        "cpu_time_system": "00:00:00.060",
        "runtime": "00:00:00.506",
        "cpu_time_iowait": "00:00:00.000"
    },
    "peak_resources": {
        "cpu_percent": 105.9,
        "memory_rss": "183MiB",
        "memory_vms": "325MiB",
        "threads": 2
    },
    "avg_resources": {
        "cpu_percent": 61.971428571428575,
        "memory_rss": "78MiB",
        "memory_vms": "162MiB",
        "threads": 1.4285714285714286
    }
}