Metric,Value
design__lint_error__count,0
design__lint_timing_construct__count,0
design__lint_warning__count,7
design__inferred_latch__count,0
design__instance__count,257
design__instance__area,2054.47
design__instance_unmapped__count,0
synthesis__check_error__count,0
design__max_slew_violation__count__corner:nom_tt_025C_1v80,0
design__max_fanout_violation__count__corner:nom_tt_025C_1v80,0
design__max_cap_violation__count__corner:nom_tt_025C_1v80,0
power__internal__total,0.00022570860164705664
power__switching__total,0.0002675359428394586
power__leakage__total,2.1708992381519465E-9
power__total,0.0004932467127218843
clock__skew__worst_hold__corner:nom_tt_025C_1v80,0
clock__skew__worst_setup__corner:nom_tt_025C_1v80,0
timing__hold__ws__corner:nom_tt_025C_1v80,2.2005640155169215
timing__setup__ws__corner:nom_tt_025C_1v80,1.2512815582291454
timing__hold__tns__corner:nom_tt_025C_1v80,0
timing__setup__tns__corner:nom_tt_025C_1v80,0
timing__hold__wns__corner:nom_tt_025C_1v80,0
timing__setup__wns__corner:nom_tt_025C_1v80,0
timing__hold_vio__count__corner:nom_tt_025C_1v80,0
timing__hold_r2r__ws__corner:nom_tt_025C_1v80,inf
timing__hold_r2r_vio__count__corner:nom_tt_025C_1v80,0
timing__setup_vio__count__corner:nom_tt_025C_1v80,0
timing__setup_r2r__ws__corner:nom_tt_025C_1v80,inf
timing__setup_r2r_vio__count__corner:nom_tt_025C_1v80,0
design__max_slew_violation__count__corner:nom_ss_100C_1v60,0
design__max_fanout_violation__count__corner:nom_ss_100C_1v60,0
design__max_cap_violation__count__corner:nom_ss_100C_1v60,0
clock__skew__worst_hold__corner:nom_ss_100C_1v60,0
clock__skew__worst_setup__corner:nom_ss_100C_1v60,0
timing__hold__ws__corner:nom_ss_100C_1v60,2.615047807870127
timing__setup__ws__corner:nom_ss_100C_1v60,-0.24241720428292968
timing__hold__tns__corner:nom_ss_100C_1v60,0
timing__setup__tns__corner:nom_ss_100C_1v60,-0.24241720428292968
timing__hold__wns__corner:nom_ss_100C_1v60,0
timing__setup__wns__corner:nom_ss_100C_1v60,-0.24241720428292968
timing__hold_vio__count__corner:nom_ss_100C_1v60,0
timing__hold_r2r__ws__corner:nom_ss_100C_1v60,inf
timing__hold_r2r_vio__count__corner:nom_ss_100C_1v60,0
timing__setup_vio__count__corner:nom_ss_100C_1v60,1
timing__setup_r2r__ws__corner:nom_ss_100C_1v60,inf
timing__setup_r2r_vio__count__corner:nom_ss_100C_1v60,0
design__max_slew_violation__count__corner:nom_ff_n40C_1v95,0
design__max_fanout_violation__count__corner:nom_ff_n40C_1v95,0
design__max_cap_violation__count__corner:nom_ff_n40C_1v95,0
clock__skew__worst_hold__corner:nom_ff_n40C_1v95,0
clock__skew__worst_setup__corner:nom_ff_n40C_1v95,0
timing__hold__ws__corner:nom_ff_n40C_1v95,2.046102456490636
timing__setup__ws__corner:nom_ff_n40C_1v95,1.819764834772719
timing__hold__tns__corner:nom_ff_n40C_1v95,0
timing__setup__tns__corner:nom_ff_n40C_1v95,0
timing__hold__wns__corner:nom_ff_n40C_1v95,0
timing__setup__wns__corner:nom_ff_n40C_1v95,0
timing__hold_vio__count__corner:nom_ff_n40C_1v95,0
timing__hold_r2r__ws__corner:nom_ff_n40C_1v95,inf
timing__hold_r2r_vio__count__corner:nom_ff_n40C_1v95,0
timing__setup_vio__count__corner:nom_ff_n40C_1v95,0
timing__setup_r2r__ws__corner:nom_ff_n40C_1v95,inf
timing__setup_r2r_vio__count__corner:nom_ff_n40C_1v95,0
design__max_slew_violation__count,0
design__max_fanout_violation__count,0
design__max_cap_violation__count,0
clock__skew__worst_hold,0
clock__skew__worst_setup,0
timing__hold__ws,2.042224669400554
timing__setup__ws,-0.2663709328504899
timing__hold__tns,0
timing__setup__tns,-0.2663709328504899
timing__hold__wns,0
timing__setup__wns,-0.2663709328504899
timing__hold_vio__count,0
timing__hold_r2r__ws,inf
timing__hold_r2r_vio__count,0
timing__setup_vio__count,3
timing__setup_r2r__ws,inf
timing__setup_r2r_vio__count,0
design__die__bbox,0.0 0.0 74.945 85.665
design__core__bbox,5.52 10.88 69.0 73.44
design__io,25
design__die__area,6420.16
design__core__area,3971.31
design__instance__count__stdcell,257
design__instance__area__stdcell,2054.47
design__instance__count__macros,0
design__instance__area__macros,0
design__instance__utilization,0.517328
design__instance__utilization__stdcell,0.517328
design__instance__count__class:inverter,8
design__instance__count__class:sequential_cell,25
design__instance__count__class:multi_input_combinational_cell,136
flow__warnings__count,1
flow__errors__count,0
design__instance__count__class:fill_cell,273
design__instance__count__class:tap_cell,50
design__power_grid_violation__count__net:VPWR,0
design__power_grid_violation__count__net:VGND,0
design__power_grid_violation__count,0
floorplan__design__io,23
design__io__hpwl,955876
timing__drv__floating__nets,0
timing__drv__floating__pins,0
design__instance__displacement__total,0
design__instance__displacement__mean,0
design__instance__displacement__max,0
route__wirelength__estimated,3529.32
design__violations,0
design__instance__count__class:timing_repair_buffer,38
design__instance__count__setup_buffer,3
design__instance__count__hold_buffer,0
antenna__violating__nets,0
antenna__violating__pins,0
route__antenna_violation__count,0
antenna_diodes_count,0
route__net,220
route__net__special,2
route__drc_errors__iter:1,76
route__wirelength__iter:1,3973
route__drc_errors__iter:2,12
route__wirelength__iter:2,3959
route__drc_errors__iter:3,14
route__wirelength__iter:3,3925
route__drc_errors__iter:4,0
route__wirelength__iter:4,3925
route__drc_errors,0
route__wirelength,3925
route__vias,1424
route__vias__singlecut,1424
route__vias__multicut,0
design__disconnected_pin__count,0
design__critical_disconnected_pin__count,0
route__wirelength__max,144.01
timing__unannotated_net__count__corner:nom_tt_025C_1v80,0
timing__unannotated_net_filtered__count__corner:nom_tt_025C_1v80,0
timing__unannotated_net__count__corner:nom_ss_100C_1v60,0
timing__unannotated_net_filtered__count__corner:nom_ss_100C_1v60,0
timing__unannotated_net__count__corner:nom_ff_n40C_1v95,0
timing__unannotated_net_filtered__count__corner:nom_ff_n40C_1v95,0
design__max_slew_violation__count__corner:min_tt_025C_1v80,0
design__max_fanout_violation__count__corner:min_tt_025C_1v80,0
design__max_cap_violation__count__corner:min_tt_025C_1v80,0
clock__skew__worst_hold__corner:min_tt_025C_1v80,0
clock__skew__worst_setup__corner:min_tt_025C_1v80,0
timing__hold__ws__corner:min_tt_025C_1v80,2.1949989114262936
timing__setup__ws__corner:min_tt_025C_1v80,1.2594587951259875
timing__hold__tns__corner:min_tt_025C_1v80,0
timing__setup__tns__corner:min_tt_025C_1v80,0
timing__hold__wns__corner:min_tt_025C_1v80,0
timing__setup__wns__corner:min_tt_025C_1v80,0
timing__hold_vio__count__corner:min_tt_025C_1v80,0
timing__hold_r2r__ws__corner:min_tt_025C_1v80,inf
timing__hold_r2r_vio__count__corner:min_tt_025C_1v80,0
timing__setup_vio__count__corner:min_tt_025C_1v80,0
timing__setup_r2r__ws__corner:min_tt_025C_1v80,inf
timing__setup_r2r_vio__count__corner:min_tt_025C_1v80,0
timing__unannotated_net__count__corner:min_tt_025C_1v80,0
timing__unannotated_net_filtered__count__corner:min_tt_025C_1v80,0
design__max_slew_violation__count__corner:min_ss_100C_1v60,0
design__max_fanout_violation__count__corner:min_ss_100C_1v60,0
design__max_cap_violation__count__corner:min_ss_100C_1v60,0
clock__skew__worst_hold__corner:min_ss_100C_1v60,0
clock__skew__worst_setup__corner:min_ss_100C_1v60,0
timing__hold__ws__corner:min_ss_100C_1v60,2.606880562980789
timing__setup__ws__corner:min_ss_100C_1v60,-0.21759039630411187
timing__hold__tns__corner:min_ss_100C_1v60,0
timing__setup__tns__corner:min_ss_100C_1v60,-0.21759039630411187
timing__hold__wns__corner:min_ss_100C_1v60,0
timing__setup__wns__corner:min_ss_100C_1v60,-0.21759039630411187
timing__hold_vio__count__corner:min_ss_100C_1v60,0
timing__hold_r2r__ws__corner:min_ss_100C_1v60,inf
timing__hold_r2r_vio__count__corner:min_ss_100C_1v60,0
timing__setup_vio__count__corner:min_ss_100C_1v60,1
timing__setup_r2r__ws__corner:min_ss_100C_1v60,inf
timing__setup_r2r_vio__count__corner:min_ss_100C_1v60,0
timing__unannotated_net__count__corner:min_ss_100C_1v60,0
timing__unannotated_net_filtered__count__corner:min_ss_100C_1v60,0
design__max_slew_violation__count__corner:min_ff_n40C_1v95,0
design__max_fanout_violation__count__corner:min_ff_n40C_1v95,0
design__max_cap_violation__count__corner:min_ff_n40C_1v95,0
clock__skew__worst_hold__corner:min_ff_n40C_1v95,0
clock__skew__worst_setup__corner:min_ff_n40C_1v95,0
timing__hold__ws__corner:min_ff_n40C_1v95,2.042224669400554
timing__setup__ws__corner:min_ff_n40C_1v95,1.8275077524100445
timing__hold__tns__corner:min_ff_n40C_1v95,0
timing__setup__tns__corner:min_ff_n40C_1v95,0
timing__hold__wns__corner:min_ff_n40C_1v95,0
timing__setup__wns__corner:min_ff_n40C_1v95,0
timing__hold_vio__count__corner:min_ff_n40C_1v95,0
timing__hold_r2r__ws__corner:min_ff_n40C_1v95,inf
timing__hold_r2r_vio__count__corner:min_ff_n40C_1v95,0
timing__setup_vio__count__corner:min_ff_n40C_1v95,0
timing__setup_r2r__ws__corner:min_ff_n40C_1v95,inf
timing__setup_r2r_vio__count__corner:min_ff_n40C_1v95,0
timing__unannotated_net__count__corner:min_ff_n40C_1v95,0
timing__unannotated_net_filtered__count__corner:min_ff_n40C_1v95,0
design__max_slew_violation__count__corner:max_tt_025C_1v80,0
design__max_fanout_violation__count__corner:max_tt_025C_1v80,0
design__max_cap_violation__count__corner:max_tt_025C_1v80,0
clock__skew__worst_hold__corner:max_tt_025C_1v80,0
clock__skew__worst_setup__corner:max_tt_025C_1v80,0
timing__hold__ws__corner:max_tt_025C_1v80,2.2061553208716718
timing__setup__ws__corner:max_tt_025C_1v80,1.242372684338383
timing__hold__tns__corner:max_tt_025C_1v80,0
timing__setup__tns__corner:max_tt_025C_1v80,0
timing__hold__wns__corner:max_tt_025C_1v80,0
timing__setup__wns__corner:max_tt_025C_1v80,0
timing__hold_vio__count__corner:max_tt_025C_1v80,0
timing__hold_r2r__ws__corner:max_tt_025C_1v80,inf
timing__hold_r2r_vio__count__corner:max_tt_025C_1v80,0
timing__setup_vio__count__corner:max_tt_025C_1v80,0
timing__setup_r2r__ws__corner:max_tt_025C_1v80,inf
timing__setup_r2r_vio__count__corner:max_tt_025C_1v80,0
timing__unannotated_net__count__corner:max_tt_025C_1v80,0
timing__unannotated_net_filtered__count__corner:max_tt_025C_1v80,0
design__max_slew_violation__count__corner:max_ss_100C_1v60,0
design__max_fanout_violation__count__corner:max_ss_100C_1v60,0
design__max_cap_violation__count__corner:max_ss_100C_1v60,0
clock__skew__worst_hold__corner:max_ss_100C_1v60,0
clock__skew__worst_setup__corner:max_ss_100C_1v60,0
timing__hold__ws__corner:max_ss_100C_1v60,2.624603275668718
timing__setup__ws__corner:max_ss_100C_1v60,-0.2663709328504899
timing__hold__tns__corner:max_ss_100C_1v60,0
timing__setup__tns__corner:max_ss_100C_1v60,-0.2663709328504899
timing__hold__wns__corner:max_ss_100C_1v60,0
timing__setup__wns__corner:max_ss_100C_1v60,-0.2663709328504899
timing__hold_vio__count__corner:max_ss_100C_1v60,0
timing__hold_r2r__ws__corner:max_ss_100C_1v60,inf
timing__hold_r2r_vio__count__corner:max_ss_100C_1v60,0
timing__setup_vio__count__corner:max_ss_100C_1v60,1
timing__setup_r2r__ws__corner:max_ss_100C_1v60,inf
timing__setup_r2r_vio__count__corner:max_ss_100C_1v60,0
timing__unannotated_net__count__corner:max_ss_100C_1v60,0
timing__unannotated_net_filtered__count__corner:max_ss_100C_1v60,0
design__max_slew_violation__count__corner:max_ff_n40C_1v95,0
design__max_fanout_violation__count__corner:max_ff_n40C_1v95,0
design__max_cap_violation__count__corner:max_ff_n40C_1v95,0
clock__skew__worst_hold__corner:max_ff_n40C_1v95,0
clock__skew__worst_setup__corner:max_ff_n40C_1v95,0
timing__hold__ws__corner:max_ff_n40C_1v95,2.050137007076229
timing__setup__ws__corner:max_ff_n40C_1v95,1.8105542022553294
timing__hold__tns__corner:max_ff_n40C_1v95,0
timing__setup__tns__corner:max_ff_n40C_1v95,0
timing__hold__wns__corner:max_ff_n40C_1v95,0
timing__setup__wns__corner:max_ff_n40C_1v95,0
timing__hold_vio__count__corner:max_ff_n40C_1v95,0
timing__hold_r2r__ws__corner:max_ff_n40C_1v95,inf
timing__hold_r2r_vio__count__corner:max_ff_n40C_1v95,0
timing__setup_vio__count__corner:max_ff_n40C_1v95,0
timing__setup_r2r__ws__corner:max_ff_n40C_1v95,inf
timing__setup_r2r_vio__count__corner:max_ff_n40C_1v95,0
timing__unannotated_net__count__corner:max_ff_n40C_1v95,0
timing__unannotated_net_filtered__count__corner:max_ff_n40C_1v95,0
timing__unannotated_net__count,0
timing__unannotated_net_filtered__count,0
design_powergrid__voltage__worst__net:VPWR__corner:nom_tt_025C_1v80,1.79977
design_powergrid__drop__average__net:VPWR__corner:nom_tt_025C_1v80,1.79992
design_powergrid__drop__worst__net:VPWR__corner:nom_tt_025C_1v80,0.000233568
design_powergrid__voltage__worst__net:VGND__corner:nom_tt_025C_1v80,0.000222139
design_powergrid__drop__average__net:VGND__corner:nom_tt_025C_1v80,0.0000748176
design_powergrid__drop__worst__net:VGND__corner:nom_tt_025C_1v80,0.000222139
design_powergrid__voltage__worst,0.000222139
design_powergrid__voltage__worst__net:VPWR,1.79977
design_powergrid__drop__worst,0.000233568
design_powergrid__drop__worst__net:VPWR,0.000233568
design_powergrid__voltage__worst__net:VGND,0.000222139
design_powergrid__drop__worst__net:VGND,0.000222139
ir__voltage__worst,1.8
ir__drop__avg,0.0000772
ir__drop__worst,0.000234
design__xor_difference__count,0
magic__drc_error__count,0
klayout__drc_error__count,0
magic__illegal_overlap__count,0
design__lvs_device_difference__count,0
design__lvs_net_difference__count,0
design__lvs_property_fail__count,0
design__lvs_error__count,0
design__lvs_unmatched_device__count,0
design__lvs_unmatched_net__count,0
design__lvs_unmatched_pin__count,0
