{
    "time": {
        "cpu_time_user": "00:00:00.340",
        "cpu_time_system": "00:00:00.080",
        "runtime": "00:00:00.503",
        "cpu_time_iowait": "00:00:00.000"
    },
    "peak_resources": {
        "cpu_percent": 109.4,
        "memory_rss": "183MiB",
        "memory_vms": "325MiB",
        "threads": 2
    },
    "avg_resources": {
        "cpu_percent": 59.67142857142857,
        "memory_rss": "74MiB",
        "memory_vms": "156MiB",
        "threads": 1.4285714285714286
    }
}