{
    "time": {
        "cpu_time_user": "00:00:00.310",
        "cpu_time_system": "00:00:00.050",
        "runtime": "00:00:00.413",
        "cpu_time_iowait": "00:00:00.000"
    },
    "peak_resources": {
        "cpu_percent": 99.7,
        "memory_rss": "128MiB",
        "memory_vms": "271MiB",
        "threads": 2
    },
    "avg_resources": {
        "cpu_percent": 58.53333333333334,
        "memory_rss": "57MiB",
        "memory_vms": "129MiB",
        "threads": 1.3333333333333333
    }
}