{
	"design__io": 25,
	"design__die__area": 6420.16,
	"design__core__area": 3971.31,
	"design__instance__count": 257,
	"design__instance__area": 2054.47,
	"design__instance__count__stdcell": 257,
	"design__instance__area__stdcell": 2054.47,
	"design__instance__count__macros": 0,
	"design__instance__area__macros": 0,
	"design__instance__utilization": 0.517328,
	"design__instance__utilization__stdcell": 0.517328,
	"design__instance__count__class:fill_cell": 273,
	"design__instance__count__class:tap_cell": 50,
	"design__instance__count__class:standard_cell": 207,
	"flow__warnings__count": 2,
	"flow__errors__count": 0
}