{
    "time": {
        "cpu_time_user": "00:00:00.320",
        "cpu_time_system": "00:00:00.080",
        "runtime": "00:00:00.505",
        "cpu_time_iowait": "00:00:00.000"
    },
    "peak_resources": {
        "cpu_percent": 99.5,
        "memory_rss": "134MiB",
        "memory_vms": "277MiB",
        "threads": 2
    },
    "avg_resources": {
        "cpu_percent": 56.52857142857142,
        "memory_rss": "50MiB",
        "memory_vms": "112MiB",
        "threads": 1.2857142857142858
    }
}