{
    "time": {
        "cpu_time_user": "00:00:00.370",
        "cpu_time_system": "00:00:00.090",
        "runtime": "00:00:00.511",
        "cpu_time_iowait": "00:00:00.000"
    },
    "peak_resources": {
        "cpu_percent": 99.2,
        "memory_rss": "140MiB",
        "memory_vms": "279MiB",
        "threads": 2
    },
    "avg_resources": {
        "cpu_percent": 64.54285714285714,
        "memory_rss": "70MiB",
        "memory_vms": "169MiB",
        "threads": 1.4285714285714286
    }
}