{
    "time": {
        "cpu_time_user": "00:00:00.420",
        "cpu_time_system": "00:00:00.040",
        "runtime": "00:00:00.532",
        "cpu_time_iowait": "00:00:00.000"
    },
    "peak_resources": {
        "cpu_percent": 109.3,
        "memory_rss": "50MiB",
        "memory_vms": "62MiB",
        "threads": 1
    },
    "avg_resources": {
        "cpu_percent": 64.52857142857144,
        "memory_rss": "26MiB",
        "memory_vms": "35MiB",
        "threads": 0.8571428571428571
    }
}