{
    "time": {
        "cpu_time_user": "00:00:00.300",
        "cpu_time_system": "00:00:00.080",
        "runtime": "00:00:00.413",
        "cpu_time_iowait": "00:00:00.000"
    },
    "peak_resources": {
        "cpu_percent": 108.4,
        "memory_rss": "131MiB",
        "memory_vms": "276MiB",
        "threads": 2
    },
    "avg_resources": {
        "cpu_percent": 61.66666666666668,
        "memory_rss": "58MiB",
        "memory_vms": "130MiB",
        "threads": 1.3333333333333333
    }
}