{
    "dnwell.1": 0,
    "dnwell.2": 0,
    "nwell.1": 0,
    "nwell.2a": 0,
    "nwell.6": 0,
    "nwell.9": 0,
    "hvtp.1": 0,
    "hvtp.2": 0,
    "pwde.1": 0,
    "pwde.2": 0,
    "hvtr.1": 0,
    "hvtr.2": 0,
    "hvtr.2_a": 0,
    "lvtn.1a": 0,
    "lvtn.2": 0,
    "ncm.1": 0,
    "ncm.2a": 0,
    "difftap.1": 0,
    "difftap.1_a": 0,
    "difftap.2": 0,
    "difftap.1_b": 0,
    "difftap.1_c": 0,
    "difftap.3": 0,
    "tunm.1": 0,
    "tunm.2": 0,
    "thkox.1": 0,
    "thkox.2": 0,
    "poly.1a": 0,
    "poly.2": 0,
    "poly.3": 0,
    "ldntm.1": 0,
    "ldntm.2": 0,
    "rpm.1a": 0,
    "rpm.2": 0,
    "urpm.1a": 0,
    "urpm.2": 0,
    "npc.1": 0,
    "npc.2": 0,
    "nsdm.1": 0,
    "nsdm.2": 0,
    "nsdm.3": 0,
    "nsdm.4": 0,
    "nsdm.5": 0,
    "nsdm.6": 0,
    "nsdm.6a": 0,
    "psdm.1": 0,
    "psdm.2": 0,
    "psdm.3": 0,
    "psdm.4": 0,
    "psdm.5": 0,
    "psdm.6": 0,
    "psdm.6a": 0,
    "nsdm_psdm_overlap": 0,
    "licon.1": 0,
    "licon.2": 0,
    "licon.3": 0,
    "licon.4": 0,
    "licon.4_a": 0,
    "licon.5": 0,
    "licon.6": 0,
    "nsm.1": 0,
    "nsm.2": 0,
    "capm.1": 0,
    "capm.2a": 0,
    "capm.2b": 0,
    "capm.2b_a": 0,
    "capm.3": 0,
    "capm.4": 0,
    "capm.5": 0,
    "capm.11": 0,
    "cap2m.1": 0,
    "cap2m.2a": 0,
    "cap2m.2b": 0,
    "cap2m.2b_a": 0,
    "cap2m.3": 0,
    "cap2m.3_a": 0,
    "cap2m.4": 0,
    "cap2m.5": 0,
    "cap2m.11": 0,
    "li.1": 0,
    "li.3": 0,
    "li.5": 0,
    "li.6": 0,
    "li.7": 0,
    "li.8": 0,
    "ct.1": 0,
    "ct.1_a": 0,
    "ct.1_b": 0,
    "ct.2": 0,
    "ct.3": 0,
    "ct.3_a": 0,
    "ct.3_b": 0,
    "ct.4": 0,
    "m1.1": 0,
    "m1.2": 0,
    "m1.3ab": 0,
    "791_m1.4": 0,
    "m1.4": 0,
    "m1.4a": 0,
    "m1.4a_a": 0,
    "m1.6": 0,
    "m1.7": 0,
    "m1.5": 0,
    "via.1a": 0,
    "via.1a_a": 0,
    "via.1a_b": 0,
    "via.2": 0,
    "via.3": 0,
    "via.3_a": 0,
    "via.3_b": 0,
    "via.4a": 0,
    "via.4a_a": 0,
    "via.5a": 0,
    "m2.1": 0,
    "m2.2": 0,
    "m2.3ab": 0,
    "m2.6": 0,
    "m2.7": 0,
    "m2.4": 0,
    "m2.4_a": 0,
    "m2.4_b": 0,
    "m2.5": 0,
    "via2.1a": 0,
    "via2.1a_a": 0,
    "via2.1a_b": 0,
    "via2.2": 0,
    "via2.3": 0,
    "via2.3_a": 0,
    "via2.3_b": 0,
    "via2.4": 0,
    "via2.4_a": 0,
    "via2.5": 0,
    "m3.1": 0,
    "m3.2": 0,
    "m3.3cd": 0,
    "m3.4": 0,
    "m3.4_a": 0,
    "m3.6": 0,
    "m3.7": 0,
    "via3.1": 0,
    "via3.1_a": 0,
    "via3.1_b": 0,
    "via3.2": 0,
    "via3.4": 0,
    "via3.4_a": 0,
    "via3.5": 0,
    "m4.1": 0,
    "m4.2": 0,
    "m4.4a": 0,
    "m4.5ab": 0,
    "m4.3": 0,
    "m4.3_a": 0,
    "m4.7": 0,
    "via4.1": 0,
    "via4.1_a": 0,
    "via4.1_b": 0,
    "via4.2": 0,
    "via4.3": 0,
    "via4.3_a": 0,
    "via4.3_b": 0,
    "via4.4": 0,
    "via4.4_a": 0,
    "m5.1": 0,
    "m5.2": 0,
    "m5.3": 0,
    "m5.3_a": 0,
    "m5.4": 0,
    "m5.7": 0,
    "pad.2": 0,
    "hvi.1": 0,
    "hvi.2a": 0,
    "hvntm.1": 0,
    "hvntm.2": 0,
    "dnwell_OFFGRID": 0,
    "dnwell_angle": 0,
    "nwell_OFFGRID": 0,
    "nwell_angle": 0,
    "pwbm_OFFGRID": 0,
    "pwbm_angle": 0,
    "pwde_OFFGRID": 0,
    "pwde_angle": 0,
    "hvtp_OFFGRID": 0,
    "hvtp_angle": 0,
    "hvtr_OFFGRID": 0,
    "hvtr_angle": 0,
    "lvtn_OFFGRID": 0,
    "lvtn_angle": 0,
    "ncm_OFFGRID": 0,
    "ncm_angle": 0,
    "diff_OFFGRID": 0,
    "tap_OFFGRID": 0,
    "diff_angle": 0,
    "tap_angle": 0,
    "tunm_OFFGRID": 0,
    "tunm_angle": 0,
    "poly_OFFGRID": 0,
    "poly_angle": 0,
    "rpm_OFFGRID": 0,
    "rpm_angle": 0,
    "npc_OFFGRID": 0,
    "npc_angle": 0,
    "nsdm_OFFGRID": 0,
    "nsdm_angle": 0,
    "psdm_OFFGRID": 0,
    "psdm_angle": 0,
    "licon_OFFGRID": 0,
    "licon_angle": 0,
    "li_OFFGRID": 0,
    "li_angle": 0,
    "ct_OFFGRID": 0,
    "ct_angle": 0,
    "vpp_OFFGRID": 0,
    "vpp_angle": 0,
    "m1_OFFGRID": 0,
    "m1_angle": 0,
    "via_OFFGRID": 0,
    "via_angle": 0,
    "m2_OFFGRID": 0,
    "m2_angle": 0,
    "via2_OFFGRID": 0,
    "via2_angle": 0,
    "m3_OFFGRID": 0,
    "m3_angle": 0,
    "via3_OFFGRID": 0,
    "via3_angle": 0,
    "nsm_OFFGRID": 0,
    "nsm_angle": 0,
    "m4_OFFGRID": 0,
    "m4_angle": 0,
    "via4_OFFGRID": 0,
    "via4_angle": 0,
    "m5_OFFGRID": 0,
    "m5_angle": 0,
    "pad_OFFGRID": 0,
    "pad_angle": 0,
    "mf_OFFGRID": 0,
    "mf_angle": 0,
    "hvi_OFFGRID": 0,
    "hvi_angle": 0,
    "hvntm_OFFGRID": 0,
    "hvntm_angle": 0,
    "vhvi_OFFGRID": 0,
    "vhvi_angle": 0,
    "uhvi_OFFGRID": 0,
    "uhvi_angle": 0,
    "pwell_rs_OFFGRID": 0,
    "pwell_rs_angle": 0,
    "areaid_re_OFFGRID": 0,
    "total": 0
}