{
    "time": {
        "cpu_time_user": "00:00:00.290",
        "cpu_time_system": "00:00:00.040",
        "runtime": "00:00:00.406",
        "cpu_time_iowait": "00:00:00.000"
    },
    "peak_resources": {
        "cpu_percent": 109.5,
        "memory_rss": "127MiB",
        "memory_vms": "270MiB",
        "threads": 2
    },
    "avg_resources": {
        "cpu_percent": 54.416666666666664,
        "memory_rss": "57MiB",
        "memory_vms": "129MiB",
        "threads": 1.3333333333333333
    }
}