{
    "time": {
        "cpu_time_user": "00:00:00.310",
        "cpu_time_system": "00:00:00.080",
        "runtime": "00:00:00.403",
        "cpu_time_iowait": "00:00:00.000"
    },
    "peak_resources": {
        "cpu_percent": 109.3,
        "memory_rss": "124MiB",
        "memory_vms": "268MiB",
        "threads": 2
    },
    "avg_resources": {
        "cpu_percent": 64.58333333333333,
        "memory_rss": "56MiB",
        "memory_vms": "128MiB",
        "threads": 1.3333333333333333
    }
}