{
    "nl": "/home/nakanomiku/DigitalDesign/clk_int_div/runs/RUN_2024-10-31_18-04-53/36-openroad-resizertimingpostcts/clk_int_div.nl.v",
    "pnl": "/home/nakanomiku/DigitalDesign/clk_int_div/runs/RUN_2024-10-31_18-04-53/36-openroad-resizertimingpostcts/clk_int_div.pnl.v",
    "pnl-sdf-friendly": null,
    "pnl-npc": null,
    "def": "/home/nakanomiku/DigitalDesign/clk_int_div/runs/RUN_2024-10-31_18-04-53/41-openroad-repairantennas/1-diodeinsertion/clk_int_div.def",
    "lef": null,
    "openroad-lef": null,
    "odb": "/home/nakanomiku/DigitalDesign/clk_int_div/runs/RUN_2024-10-31_18-04-53/41-openroad-repairantennas/1-diodeinsertion/clk_int_div.odb",
    "sdc": "/home/nakanomiku/DigitalDesign/clk_int_div/runs/RUN_2024-10-31_18-04-53/36-openroad-resizertimingpostcts/clk_int_div.sdc",
    "sdf": {
        "nom_tt_025C_1v80": "/home/nakanomiku/DigitalDesign/clk_int_div/runs/RUN_2024-10-31_18-04-53/12-openroad-staprepnr/nom_tt_025C_1v80/clk_int_div__nom_tt_025C_1v80.sdf",
        "nom_ss_100C_1v60": "/home/nakanomiku/DigitalDesign/clk_int_div/runs/RUN_2024-10-31_18-04-53/12-openroad-staprepnr/nom_ss_100C_1v60/clk_int_div__nom_ss_100C_1v60.sdf",
        "nom_ff_n40C_1v95": "/home/nakanomiku/DigitalDesign/clk_int_div/runs/RUN_2024-10-31_18-04-53/12-openroad-staprepnr/nom_ff_n40C_1v95/clk_int_div__nom_ff_n40C_1v95.sdf"
    },
    "spef": null,
    "lib": null,
    "spice": null,
    "mag": null,
    "gds": null,
    "mag_gds": null,
    "klayout_gds": null,
    "json_h": "/home/nakanomiku/DigitalDesign/clk_int_div/runs/RUN_2024-10-31_18-04-53/05-yosys-jsonheader/clk_int_div.h.json",
    "vh": "/home/nakanomiku/DigitalDesign/clk_int_div/runs/RUN_2024-10-31_18-04-53/28-odb-writeverilogheader/clk_int_div.vh",
    "metrics": {
        "design__lint_error__count": 0,
        "design__lint_timing_construct__count": 0,
        "design__lint_warning__count": 7,
        "design__inferred_latch__count": 0,
        "design__instance__count": 147,
        "design__instance__area": 1187.39,
        "design__instance_unmapped__count": 0,
        "synthesis__check_error__count": 0,
        "design__max_slew_violation__count__corner:nom_tt_025C_1v80": 0,
        "design__max_fanout_violation__count__corner:nom_tt_025C_1v80": 0,
        "design__max_cap_violation__count__corner:nom_tt_025C_1v80": 0,
        "power__internal__total": 0.00018719,
        "power__switching__total": 0.000195187,
        "power__leakage__total": 6.38479e-10,
        "power__total": 0.000382377,
        "clock__skew__worst_hold__corner:nom_tt_025C_1v80": 0,
        "clock__skew__worst_setup__corner:nom_tt_025C_1v80": 0,
        "timing__hold__ws__corner:nom_tt_025C_1v80": 2.2628,
        "timing__setup__ws__corner:nom_tt_025C_1v80": 1.36569,
        "timing__hold__tns__corner:nom_tt_025C_1v80": 0,
        "timing__setup__tns__corner:nom_tt_025C_1v80": 0,
        "timing__hold__wns__corner:nom_tt_025C_1v80": 0,
        "timing__setup__wns__corner:nom_tt_025C_1v80": 0,
        "timing__hold_vio__count__corner:nom_tt_025C_1v80": 0,
        "timing__hold_r2r__ws__corner:nom_tt_025C_1v80": 1000000000000000000000000000000,
        "timing__hold_r2r_vio__count__corner:nom_tt_025C_1v80": 0,
        "timing__setup_vio__count__corner:nom_tt_025C_1v80": 0,
        "timing__setup_r2r__ws__corner:nom_tt_025C_1v80": 1000000000000000000000000000000,
        "timing__setup_r2r_vio__count__corner:nom_tt_025C_1v80": 0,
        "design__max_slew_violation__count__corner:nom_ss_100C_1v60": 0,
        "design__max_fanout_violation__count__corner:nom_ss_100C_1v60": 2,
        "design__max_cap_violation__count__corner:nom_ss_100C_1v60": 0,
        "clock__skew__worst_hold__corner:nom_ss_100C_1v60": 0,
        "clock__skew__worst_setup__corner:nom_ss_100C_1v60": 0,
        "timing__hold__ws__corner:nom_ss_100C_1v60": 2.4328897363098116,
        "timing__setup__ws__corner:nom_ss_100C_1v60": -0.46705840517124136,
        "timing__hold__tns__corner:nom_ss_100C_1v60": 0,
        "timing__setup__tns__corner:nom_ss_100C_1v60": -0.46705840517124136,
        "timing__hold__wns__corner:nom_ss_100C_1v60": 0,
        "timing__setup__wns__corner:nom_ss_100C_1v60": -0.46705840517124136,
        "timing__hold_vio__count__corner:nom_ss_100C_1v60": 0,
        "timing__hold_r2r__ws__corner:nom_ss_100C_1v60": Infinity,
        "timing__hold_r2r_vio__count__corner:nom_ss_100C_1v60": 0,
        "timing__setup_vio__count__corner:nom_ss_100C_1v60": 1,
        "timing__setup_r2r__ws__corner:nom_ss_100C_1v60": Infinity,
        "timing__setup_r2r_vio__count__corner:nom_ss_100C_1v60": 0,
        "design__max_slew_violation__count__corner:nom_ff_n40C_1v95": 0,
        "design__max_fanout_violation__count__corner:nom_ff_n40C_1v95": 2,
        "design__max_cap_violation__count__corner:nom_ff_n40C_1v95": 0,
        "clock__skew__worst_hold__corner:nom_ff_n40C_1v95": 0,
        "clock__skew__worst_setup__corner:nom_ff_n40C_1v95": 0,
        "timing__hold__ws__corner:nom_ff_n40C_1v95": 1.9687132481473986,
        "timing__setup__ws__corner:nom_ff_n40C_1v95": 1.8251582983788857,
        "timing__hold__tns__corner:nom_ff_n40C_1v95": 0,
        "timing__setup__tns__corner:nom_ff_n40C_1v95": 0,
        "timing__hold__wns__corner:nom_ff_n40C_1v95": 0,
        "timing__setup__wns__corner:nom_ff_n40C_1v95": 0,
        "timing__hold_vio__count__corner:nom_ff_n40C_1v95": 0,
        "timing__hold_r2r__ws__corner:nom_ff_n40C_1v95": Infinity,
        "timing__hold_r2r_vio__count__corner:nom_ff_n40C_1v95": 0,
        "timing__setup_vio__count__corner:nom_ff_n40C_1v95": 0,
        "timing__setup_r2r__ws__corner:nom_ff_n40C_1v95": Infinity,
        "timing__setup_r2r_vio__count__corner:nom_ff_n40C_1v95": 0,
        "design__max_slew_violation__count": 0,
        "design__max_fanout_violation__count": 0,
        "design__max_cap_violation__count": 0,
        "clock__skew__worst_hold": 0,
        "clock__skew__worst_setup": 0,
        "timing__hold__ws": 2.2628,
        "timing__setup__ws": 1.36569,
        "timing__hold__tns": 0,
        "timing__setup__tns": 0,
        "timing__hold__wns": 0,
        "timing__setup__wns": 0,
        "timing__hold_vio__count": 0,
        "timing__hold_r2r__ws": 1000000000000000000000000000000,
        "timing__hold_r2r_vio__count": 0,
        "timing__setup_vio__count": 0,
        "timing__setup_r2r__ws": 1000000000000000000000000000000,
        "timing__setup_r2r_vio__count": 0,
        "design__die__bbox": "0.0 0.0 60.76 71.48",
        "design__core__bbox": "5.52 10.88 55.2 59.84",
        "design__io": 17,
        "design__die__area": 4343.12,
        "design__core__area": 2432.33,
        "design__instance__count__stdcell": 147,
        "design__instance__area__stdcell": 1187.39,
        "design__instance__count__macros": 0,
        "design__instance__area__macros": 0,
        "design__instance__utilization": 0.488169,
        "design__instance__utilization__stdcell": 0.488169,
        "design__instance__count__class:inverter": 7,
        "design__instance__count__class:sequential_cell": 17,
        "design__instance__count__class:multi_input_combinational_cell": 74,
        "flow__warnings__count": 4,
        "flow__errors__count": 0,
        "design__instance__count__class:fill_cell": 36,
        "design__instance__count__class:tap_cell": 30,
        "design__power_grid_violation__count__net:VPWR": 0,
        "design__power_grid_violation__count__net:VGND": 0,
        "design__power_grid_violation__count": 0,
        "floorplan__design__io": 15,
        "design__io__hpwl": 554015,
        "timing__drv__floating__nets": 0,
        "timing__drv__floating__pins": 0,
        "design__instance__displacement__total": 0,
        "design__instance__displacement__mean": 0,
        "design__instance__displacement__max": 0,
        "route__wirelength__estimated": 1806.64,
        "design__violations": 0,
        "design__instance__count__class:timing_repair_buffer": 19,
        "design__instance__count__setup_buffer": 0,
        "design__instance__count__hold_buffer": 0,
        "antenna__violating__nets": 0,
        "antenna__violating__pins": 0,
        "route__antenna_violation__count": 0,
        "antenna_diodes_count": 0
    }
}