{
    "time": {
        "cpu_time_user": "00:00:00.300",
        "cpu_time_system": "00:00:00.050",
        "runtime": "00:00:00.402",
        "cpu_time_iowait": "00:00:00.000"
    },
    "peak_resources": {
        "cpu_percent": 109.6,
        "memory_rss": "143MiB",
        "memory_vms": "280MiB",
        "threads": 2
    },
    "avg_resources": {
        "cpu_percent": 58.11666666666665,
        "memory_rss": "64MiB",
        "memory_vms": "134MiB",
        "threads": 1.3333333333333333
    }
}