{
    "time": {
        "cpu_time_user": "00:00:00.640",
        "cpu_time_system": "00:00:00.030",
        "runtime": "00:00:00.706",
        "cpu_time_iowait": "00:00:00.000"
    },
    "peak_resources": {
        "cpu_percent": 99.6,
        "memory_rss": "101MiB",
        "memory_vms": "107MiB",
        "threads": 1
    },
    "avg_resources": {
        "cpu_percent": 73.84444444444443,
        "memory_rss": "57MiB",
        "memory_vms": "62MiB",
        "threads": 0.8888888888888888
    }
}