{
    "time": {
        "cpu_time_user": "00:00:54.390",
        "cpu_time_system": "00:00:02.980",
        "runtime": "00:00:06.150",
        "cpu_time_iowait": "00:00:00.000"
    },
    "peak_resources": {
        "cpu_percent": 1612.3,
        "memory_rss": "564MiB",
        "memory_vms": "1GiB",
        "threads": 33
    },
    "avg_resources": {
        "cpu_percent": 902.4238095238094,
        "memory_rss": "328MiB",
        "memory_vms": "1GiB",
        "threads": 29.984126984126984
    }
}