{
	"route__net": 126,
	"route__net__special": 2,
	"route__drc_errors__iter:1": 36,
	"route__wirelength__iter:1": 2023,
	"route__drc_errors__iter:2": 13,
	"route__wirelength__iter:2": 2020,
	"route__drc_errors__iter:3": 8,
	"route__wirelength__iter:3": 2015,
	"route__drc_errors__iter:4": 0,
	"route__wirelength__iter:4": 2018,
	"route__drc_errors": 0,
	"route__wirelength": 2018,
	"route__vias": 789,
	"route__vias__singlecut": 789,
	"route__vias__multicut": 0,
	"design__io": 17,
	"design__die__area": 4343.12,
	"design__core__area": 2432.33,
	"design__instance__count": 147,
	"design__instance__area": 1187.39,
	"design__instance__count__stdcell": 147,
	"design__instance__area__stdcell": 1187.39,
	"design__instance__count__macros": 0,
	"design__instance__area__macros": 0,
	"design__instance__utilization": 0.488169,
	"design__instance__utilization__stdcell": 0.488169,
	"design__instance__count__class:fill_cell": 36,
	"design__instance__count__class:tap_cell": 30,
	"design__instance__count__class:timing_repair_buffer": 19,
	"design__instance__count__class:inverter": 7,
	"design__instance__count__class:sequential_cell": 17,
	"design__instance__count__class:multi_input_combinational_cell": 74,
	"flow__warnings__count": 14,
	"flow__errors__count": 0
}