{
    "time": {
        "cpu_time_user": "00:00:00.640",
        "cpu_time_system": "00:00:00.330",
        "runtime": "00:00:01.013",
        "cpu_time_iowait": "00:00:00.000"
    },
    "peak_resources": {
        "cpu_percent": 108.0,
        "memory_rss": "598MiB",
        "memory_vms": "907MiB",
        "threads": 2
    },
    "avg_resources": {
        "cpu_percent": 79.81666666666668,
        "memory_rss": "278MiB",
        "memory_vms": "456MiB",
        "threads": 1.6666666666666667
    }
}