{
	"floorplan__design__io": 15,
	"design__io__hpwl": 554015,
	"design__io": 17,
	"design__die__area": 4343.12,
	"design__core__area": 2432.33,
	"design__instance__count": 128,
	"design__instance__area": 1273.72,
	"design__instance__count__stdcell": 128,
	"design__instance__area__stdcell": 1273.72,
	"design__instance__count__macros": 0,
	"design__instance__area__macros": 0,
	"design__instance__utilization": 0.523663,
	"design__instance__utilization__stdcell": 0.523663,
	"design__instance__count__class:fill_cell": 36,
	"design__instance__count__class:tap_cell": 30,
	"design__instance__count__class:inverter": 7,
	"design__instance__count__class:sequential_cell": 17,
	"design__instance__count__class:multi_input_combinational_cell": 74,
	"design__io": 17,
	"design__die__area": 4343.12,
	"design__core__area": 2432.33,
	"design__instance__count": 128,
	"design__instance__area": 1273.72,
	"design__instance__count__stdcell": 128,
	"design__instance__area__stdcell": 1273.72,
	"design__instance__count__macros": 0,
	"design__instance__area__macros": 0,
	"design__instance__utilization": 0.523663,
	"design__instance__utilization__stdcell": 0.523663,
	"flow__warnings__count": 4,
	"flow__errors__count": 0
}