{
    "time": {
        "cpu_time_user": "00:00:00.250",
        "cpu_time_system": "00:00:00.040",
        "runtime": "00:00:00.407",
        "cpu_time_iowait": "00:00:00.000"
    },
    "peak_resources": {
        "cpu_percent": 99.5,
        "memory_rss": "109MiB",
        "memory_vms": "254MiB",
        "threads": 2
    },
    "avg_resources": {
        "cpu_percent": 48.06666666666666,
        "memory_rss": "35MiB",
        "memory_vms": "83MiB",
        "threads": 1.1666666666666667
    }
}