{
    "time": {
        "cpu_time_user": "00:00:00.310",
        "cpu_time_system": "00:00:00.070",
        "runtime": "00:00:00.413",
        "cpu_time_iowait": "00:00:00.000"
    },
    "peak_resources": {
        "cpu_percent": 99.4,
        "memory_rss": "142MiB",
        "memory_vms": "280MiB",
        "threads": 2
    },
    "avg_resources": {
        "cpu_percent": 62.93333333333334,
        "memory_rss": "63MiB",
        "memory_vms": "134MiB",
        "threads": 1.3333333333333333
    }
}