{
    "time": {
        "cpu_time_user": "00:00:00.330",
        "cpu_time_system": "00:00:00.060",
        "runtime": "00:00:00.407",
        "cpu_time_iowait": "00:00:00.000"
    },
    "peak_resources": {
        "cpu_percent": 109.6,
        "memory_rss": "141MiB",
        "memory_vms": "280MiB",
        "threads": 2
    },
    "avg_resources": {
        "cpu_percent": 64.73333333333333,
        "memory_rss": "63MiB",
        "memory_vms": "134MiB",
        "threads": 1.3333333333333333
    }
}