{
    "time": {
        "cpu_time_user": "00:00:00.550",
        "cpu_time_system": "00:00:00.320",
        "runtime": "00:00:00.910",
        "cpu_time_iowait": "00:00:00.000"
    },
    "peak_resources": {
        "cpu_percent": 108.1,
        "memory_rss": "587MiB",
        "memory_vms": "887MiB",
        "threads": 2
    },
    "avg_resources": {
        "cpu_percent": 78.39090909090909,
        "memory_rss": "231MiB",
        "memory_vms": "389MiB",
        "threads": 1.6363636363636365
    }
}