{
    "time": {
        "cpu_time_user": "00:00:00.290",
        "cpu_time_system": "00:00:00.080",
        "runtime": "00:00:00.408",
        "cpu_time_iowait": "00:00:00.000"
    },
    "peak_resources": {
        "cpu_percent": 99.6,
        "memory_rss": "154MiB",
        "memory_vms": "301MiB",
        "threads": 2
    },
    "avg_resources": {
        "cpu_percent": 60.599999999999994,
        "memory_rss": "61MiB",
        "memory_vms": "134MiB",
        "threads": 1.3333333333333333
    }
}