{
    "nl": "/home/nakanomiku/DigitalDesign/clk_int_div/runs/RUN_2024-11-01_17-08-01/27-openroad-globalplacement/clk_int_div.nl.v",
    "pnl": "/home/nakanomiku/DigitalDesign/clk_int_div/runs/RUN_2024-11-01_17-08-01/27-openroad-globalplacement/clk_int_div.pnl.v",
    "pnl-sdf-friendly": null,
    "pnl-npc": null,
    "def": "/home/nakanomiku/DigitalDesign/clk_int_div/runs/RUN_2024-11-01_17-08-01/27-openroad-globalplacement/clk_int_div.def",
    "lef": null,
    "openroad-lef": null,
    "odb": "/home/nakanomiku/DigitalDesign/clk_int_div/runs/RUN_2024-11-01_17-08-01/27-openroad-globalplacement/clk_int_div.odb",
    "sdc": "/home/nakanomiku/DigitalDesign/clk_int_div/runs/RUN_2024-11-01_17-08-01/27-openroad-globalplacement/clk_int_div.sdc",
    "sdf": {
        "nom_tt_025C_1v80": "/home/nakanomiku/DigitalDesign/clk_int_div/runs/RUN_2024-11-01_17-08-01/12-openroad-staprepnr/nom_tt_025C_1v80/clk_int_div__nom_tt_025C_1v80.sdf",
        "nom_ss_100C_1v60": "/home/nakanomiku/DigitalDesign/clk_int_div/runs/RUN_2024-11-01_17-08-01/12-openroad-staprepnr/nom_ss_100C_1v60/clk_int_div__nom_ss_100C_1v60.sdf",
        "nom_ff_n40C_1v95": "/home/nakanomiku/DigitalDesign/clk_int_div/runs/RUN_2024-11-01_17-08-01/12-openroad-staprepnr/nom_ff_n40C_1v95/clk_int_div__nom_ff_n40C_1v95.sdf"
    },
    "spef": null,
    "lib": null,
    "spice": null,
    "mag": null,
    "gds": null,
    "mag_gds": null,
    "klayout_gds": null,
    "json_h": "/home/nakanomiku/DigitalDesign/clk_int_div/runs/RUN_2024-11-01_17-08-01/05-yosys-jsonheader/clk_int_div.h.json",
    "vh": "/home/nakanomiku/DigitalDesign/clk_int_div/runs/RUN_2024-11-01_17-08-01/28-odb-writeverilogheader/clk_int_div.vh",
    "metrics": {
        "design__lint_error__count": 0,
        "design__lint_timing_construct__count": 0,
        "design__lint_warning__count": 7,
        "design__inferred_latch__count": 0,
        "design__instance__count": 219,
        "design__instance__area": 2104.52,
        "design__instance_unmapped__count": 0,
        "synthesis__check_error__count": 0,
        "design__max_slew_violation__count__corner:nom_tt_025C_1v80": 0,
        "design__max_fanout_violation__count__corner:nom_tt_025C_1v80": 8,
        "design__max_cap_violation__count__corner:nom_tt_025C_1v80": 0,
        "power__internal__total": 0.000181943,
        "power__switching__total": 0.000320143,
        "power__leakage__total": 9.93229e-10,
        "power__total": 0.000502087,
        "clock__skew__worst_hold__corner:nom_tt_025C_1v80": 0,
        "clock__skew__worst_setup__corner:nom_tt_025C_1v80": 0,
        "timing__hold__ws__corner:nom_tt_025C_1v80": 2.03119,
        "timing__setup__ws__corner:nom_tt_025C_1v80": 1.0161,
        "timing__hold__tns__corner:nom_tt_025C_1v80": 0,
        "timing__setup__tns__corner:nom_tt_025C_1v80": 0,
        "timing__hold__wns__corner:nom_tt_025C_1v80": 0,
        "timing__setup__wns__corner:nom_tt_025C_1v80": 0,
        "timing__hold_vio__count__corner:nom_tt_025C_1v80": 0,
        "timing__hold_r2r__ws__corner:nom_tt_025C_1v80": 1000000000000000000000000000000,
        "timing__hold_r2r_vio__count__corner:nom_tt_025C_1v80": 0,
        "timing__setup_vio__count__corner:nom_tt_025C_1v80": 0,
        "timing__setup_r2r__ws__corner:nom_tt_025C_1v80": 1000000000000000000000000000000,
        "timing__setup_r2r_vio__count__corner:nom_tt_025C_1v80": 0,
        "design__max_slew_violation__count__corner:nom_ss_100C_1v60": 0,
        "design__max_fanout_violation__count__corner:nom_ss_100C_1v60": 8,
        "design__max_cap_violation__count__corner:nom_ss_100C_1v60": 0,
        "clock__skew__worst_hold__corner:nom_ss_100C_1v60": 0,
        "clock__skew__worst_setup__corner:nom_ss_100C_1v60": 0,
        "timing__hold__ws__corner:nom_ss_100C_1v60": 2.259031692316335,
        "timing__setup__ws__corner:nom_ss_100C_1v60": -0.9362804130340631,
        "timing__hold__tns__corner:nom_ss_100C_1v60": 0,
        "timing__setup__tns__corner:nom_ss_100C_1v60": -0.9362804130340631,
        "timing__hold__wns__corner:nom_ss_100C_1v60": 0,
        "timing__setup__wns__corner:nom_ss_100C_1v60": -0.9362804130340631,
        "timing__hold_vio__count__corner:nom_ss_100C_1v60": 0,
        "timing__hold_r2r__ws__corner:nom_ss_100C_1v60": Infinity,
        "timing__hold_r2r_vio__count__corner:nom_ss_100C_1v60": 0,
        "timing__setup_vio__count__corner:nom_ss_100C_1v60": 1,
        "timing__setup_r2r__ws__corner:nom_ss_100C_1v60": Infinity,
        "timing__setup_r2r_vio__count__corner:nom_ss_100C_1v60": 0,
        "design__max_slew_violation__count__corner:nom_ff_n40C_1v95": 0,
        "design__max_fanout_violation__count__corner:nom_ff_n40C_1v95": 8,
        "design__max_cap_violation__count__corner:nom_ff_n40C_1v95": 0,
        "clock__skew__worst_hold__corner:nom_ff_n40C_1v95": 0,
        "clock__skew__worst_setup__corner:nom_ff_n40C_1v95": 0,
        "timing__hold__ws__corner:nom_ff_n40C_1v95": 1.925122338254101,
        "timing__setup__ws__corner:nom_ff_n40C_1v95": 1.7697648292216037,
        "timing__hold__tns__corner:nom_ff_n40C_1v95": 0,
        "timing__setup__tns__corner:nom_ff_n40C_1v95": 0,
        "timing__hold__wns__corner:nom_ff_n40C_1v95": 0,
        "timing__setup__wns__corner:nom_ff_n40C_1v95": 0,
        "timing__hold_vio__count__corner:nom_ff_n40C_1v95": 0,
        "timing__hold_r2r__ws__corner:nom_ff_n40C_1v95": Infinity,
        "timing__hold_r2r_vio__count__corner:nom_ff_n40C_1v95": 0,
        "timing__setup_vio__count__corner:nom_ff_n40C_1v95": 0,
        "timing__setup_r2r__ws__corner:nom_ff_n40C_1v95": Infinity,
        "timing__setup_r2r_vio__count__corner:nom_ff_n40C_1v95": 0,
        "design__max_slew_violation__count": 0,
        "design__max_fanout_violation__count": 8,
        "design__max_cap_violation__count": 0,
        "clock__skew__worst_hold": 0,
        "clock__skew__worst_setup": 0,
        "timing__hold__ws": 2.03119,
        "timing__setup__ws": 1.0161,
        "timing__hold__tns": 0,
        "timing__setup__tns": 0,
        "timing__hold__wns": 0,
        "timing__setup__wns": 0,
        "timing__hold_vio__count": 0,
        "timing__hold_r2r__ws": 1000000000000000000000000000000,
        "timing__hold_r2r_vio__count": 0,
        "timing__setup_vio__count": 0,
        "timing__setup_r2r__ws": 1000000000000000000000000000000,
        "timing__setup_r2r_vio__count": 0,
        "design__die__bbox": "0.0 0.0 74.945 85.665",
        "design__core__bbox": "5.52 10.88 69.0 73.44",
        "design__io": 25,
        "design__die__area": 6420.16,
        "design__core__area": 3971.31,
        "design__instance__count__stdcell": 219,
        "design__instance__area__stdcell": 2104.52,
        "design__instance__count__macros": 0,
        "design__instance__area__macros": 0,
        "design__instance__utilization": 0.529931,
        "design__instance__utilization__stdcell": 0.529931,
        "design__instance__count__class:inverter": 8,
        "design__instance__count__class:sequential_cell": 25,
        "design__instance__count__class:multi_input_combinational_cell": 136,
        "flow__warnings__count": 5,
        "flow__errors__count": 0,
        "design__instance__count__class:fill_cell": 46,
        "design__instance__count__class:tap_cell": 50,
        "design__power_grid_violation__count__net:VPWR": 0,
        "design__power_grid_violation__count__net:VGND": 0,
        "design__power_grid_violation__count": 0,
        "floorplan__design__io": 23,
        "design__io__hpwl": 955876
    }
}