{
   "creator": "Yosys 0.46 (git sha1 e97731b9dda91fa5fa53ed87df7c34163ba59a41, clang++ 17.0.6 -fPIC -O3)",
   "invocation": "stat -json -liberty /home/nakanomiku/DigitalDesign/clk_int_div/runs/RUN_2024-10-31_18-04-53/tmp/04a801c6c66b4b3fbfe8fefb9f23e58a.lib ",
   "modules": {
      "\\clk_int_div": {
         "num_wires":         101,
         "num_wire_bits":     107,
         "num_pub_wires":     24,
         "num_pub_wire_bits": 30,
         "num_ports":         9,
         "num_port_bits":     15,
         "num_memories":      0,
         "num_memory_bits":   0,
         "num_processes":     0,
         "num_cells":         98,
         "area":              1236.185600,
         "num_cells_by_type": {
            "sky130_fd_sc_hd__a211oi_2": 3,
            "sky130_fd_sc_hd__a21oi_2": 5,
            "sky130_fd_sc_hd__a22o_2": 1,
            "sky130_fd_sc_hd__a22oi_2": 1,
            "sky130_fd_sc_hd__a41o_2": 1,
            "sky130_fd_sc_hd__and2_2": 2,
            "sky130_fd_sc_hd__and2b_2": 2,
            "sky130_fd_sc_hd__and3_2": 2,
            "sky130_fd_sc_hd__and3b_2": 1,
            "sky130_fd_sc_hd__and4bb_2": 1,
            "sky130_fd_sc_hd__dfrtp_2": 14,
            "sky130_fd_sc_hd__dfstp_2": 2,
            "sky130_fd_sc_hd__dlxtp_1": 1,
            "sky130_fd_sc_hd__inv_2": 7,
            "sky130_fd_sc_hd__mux2_1": 7,
            "sky130_fd_sc_hd__nand2_2": 4,
            "sky130_fd_sc_hd__nand2b_2": 1,
            "sky130_fd_sc_hd__nand3_2": 1,
            "sky130_fd_sc_hd__nor2_2": 3,
            "sky130_fd_sc_hd__nor3_2": 1,
            "sky130_fd_sc_hd__o2111a_2": 1,
            "sky130_fd_sc_hd__o211a_2": 2,
            "sky130_fd_sc_hd__o21ai_2": 2,
            "sky130_fd_sc_hd__o21bai_2": 1,
            "sky130_fd_sc_hd__o221a_2": 1,
            "sky130_fd_sc_hd__o2bb2a_2": 1,
            "sky130_fd_sc_hd__o31a_2": 2,
            "sky130_fd_sc_hd__or2_2": 4,
            "sky130_fd_sc_hd__or3_2": 5,
            "sky130_fd_sc_hd__or3b_2": 3,
            "sky130_fd_sc_hd__or4_2": 2,
            "sky130_fd_sc_hd__xnor2_2": 5,
            "sky130_fd_sc_hd__xor2_2": 9
         }
      }
   },
      "design": {
         "num_wires":         101,
         "num_wire_bits":     107,
         "num_pub_wires":     24,
         "num_pub_wire_bits": 30,
         "num_ports":         9,
         "num_port_bits":     15,
         "num_memories":      0,
         "num_memory_bits":   0,
         "num_processes":     0,
         "num_cells":         98,
         "area":              1236.185600,
         "num_cells_by_type": {
            "sky130_fd_sc_hd__a211oi_2": 3,
            "sky130_fd_sc_hd__a21oi_2": 5,
            "sky130_fd_sc_hd__a22o_2": 1,
            "sky130_fd_sc_hd__a22oi_2": 1,
            "sky130_fd_sc_hd__a41o_2": 1,
            "sky130_fd_sc_hd__and2_2": 2,
            "sky130_fd_sc_hd__and2b_2": 2,
            "sky130_fd_sc_hd__and3_2": 2,
            "sky130_fd_sc_hd__and3b_2": 1,
            "sky130_fd_sc_hd__and4bb_2": 1,
            "sky130_fd_sc_hd__dfrtp_2": 14,
            "sky130_fd_sc_hd__dfstp_2": 2,
            "sky130_fd_sc_hd__dlxtp_1": 1,
            "sky130_fd_sc_hd__inv_2": 7,
            "sky130_fd_sc_hd__mux2_1": 7,
            "sky130_fd_sc_hd__nand2_2": 4,
            "sky130_fd_sc_hd__nand2b_2": 1,
            "sky130_fd_sc_hd__nand3_2": 1,
            "sky130_fd_sc_hd__nor2_2": 3,
            "sky130_fd_sc_hd__nor3_2": 1,
            "sky130_fd_sc_hd__o2111a_2": 1,
            "sky130_fd_sc_hd__o211a_2": 2,
            "sky130_fd_sc_hd__o21ai_2": 2,
            "sky130_fd_sc_hd__o21bai_2": 1,
            "sky130_fd_sc_hd__o221a_2": 1,
            "sky130_fd_sc_hd__o2bb2a_2": 1,
            "sky130_fd_sc_hd__o31a_2": 2,
            "sky130_fd_sc_hd__or2_2": 4,
            "sky130_fd_sc_hd__or3_2": 5,
            "sky130_fd_sc_hd__or3b_2": 3,
            "sky130_fd_sc_hd__or4_2": 2,
            "sky130_fd_sc_hd__xnor2_2": 5,
            "sky130_fd_sc_hd__xor2_2": 9
         }
      }
}

