{
    "time": {
        "cpu_time_user": "00:00:00.820",
        "cpu_time_system": "00:00:00.050",
        "runtime": "00:00:00.903",
        "cpu_time_iowait": "00:00:00.000"
    },
    "peak_resources": {
        "cpu_percent": 99.6,
        "memory_rss": "162MiB",
        "memory_vms": "305MiB",
        "threads": 2
    },
    "avg_resources": {
        "cpu_percent": 78.7818181818182,
        "memory_rss": "97MiB",
        "memory_vms": "202MiB",
        "threads": 1.6363636363636365
    }
}