{
    "time": {
        "cpu_time_user": "00:00:04.410",
        "cpu_time_system": "00:00:00.970",
        "runtime": "00:00:05.434",
        "cpu_time_iowait": "00:00:00.000"
    },
    "peak_resources": {
        "cpu_percent": 109.6,
        "memory_rss": "1GiB",
        "memory_vms": "2GiB",
        "threads": 2
    },
    "avg_resources": {
        "cpu_percent": 95.47678571428568,
        "memory_rss": "349MiB",
        "memory_vms": "561MiB",
        "threads": 1.9107142857142858
    }
}