{
    "time": {
        "cpu_time_user": "00:00:00.560",
        "cpu_time_system": "00:00:00.090",
        "runtime": "00:00:00.713",
        "cpu_time_iowait": "00:00:00.000"
    },
    "peak_resources": {
        "cpu_percent": 109.5,
        "memory_rss": "140MiB",
        "memory_vms": "279MiB",
        "threads": 2
    },
    "avg_resources": {
        "cpu_percent": 71.36666666666666,
        "memory_rss": "79MiB",
        "memory_vms": "185MiB",
        "threads": 1.5555555555555556
    }
}