{
    "time": {
        "cpu_time_user": "00:00:00.310",
        "cpu_time_system": "00:00:00.020",
        "runtime": "00:00:00.404",
        "cpu_time_iowait": "00:00:00.000"
    },
    "peak_resources": {
        "cpu_percent": 109.3,
        "memory_rss": "50MiB",
        "memory_vms": "62MiB",
        "threads": 1
    },
    "avg_resources": {
        "cpu_percent": 54.51666666666667,
        "memory_rss": "22MiB",
        "memory_vms": "30MiB",
        "threads": 0.8333333333333334
    }
}