{
    "time": {
        "cpu_time_user": "00:00:00.290",
        "cpu_time_system": "00:00:00.080",
        "runtime": "00:00:00.402",
        "cpu_time_iowait": "00:00:00.000"
    },
    "peak_resources": {
        "cpu_percent": 99.6,
        "memory_rss": "126MiB",
        "memory_vms": "270MiB",
        "threads": 2
    },
    "avg_resources": {
        "cpu_percent": 61.416666666666664,
        "memory_rss": "57MiB",
        "memory_vms": "129MiB",
        "threads": 1.3333333333333333
    }
}