{
	"timing__drv__floating__nets": 0,
	"timing__drv__floating__pins": 0,
	"design__instance__displacement__total": 552.248,
	"design__instance__displacement__mean": 1.84,
	"design__instance__displacement__max": 9.526,
	"route__wirelength__estimated": 3439.74,
	"design__violations": 0,
	"design__io": 25,
	"design__die__area": 6420.16,
	"design__core__area": 3971.31,
	"design__instance__count": 254,
	"design__instance__area": 1945.62,
	"design__instance__count__stdcell": 254,
	"design__instance__area__stdcell": 1945.62,
	"design__instance__count__macros": 0,
	"design__instance__area__macros": 0,
	"design__instance__utilization": 0.489918,
	"design__instance__utilization__stdcell": 0.489918,
	"design__instance__count__class:fill_cell": 46,
	"design__instance__count__class:tap_cell": 50,
	"design__instance__count__class:timing_repair_buffer": 35,
	"design__instance__count__class:inverter": 8,
	"design__instance__count__class:sequential_cell": 25,
	"design__instance__count__class:multi_input_combinational_cell": 136,
	"flow__warnings__count": 4,
	"flow__errors__count": 0
}