{
    "time": {
        "cpu_time_user": "00:00:00.240",
        "cpu_time_system": "00:00:00.070",
        "runtime": "00:00:00.402",
        "cpu_time_iowait": "00:00:00.000"
    },
    "peak_resources": {
        "cpu_percent": 109.5,
        "memory_rss": "138MiB",
        "memory_vms": "279MiB",
        "threads": 2
    },
    "avg_resources": {
        "cpu_percent": 51.416666666666664,
        "memory_rss": "62MiB",
        "memory_vms": "132MiB",
        "threads": 1.3333333333333333
    }
}