{
    "time": {
        "cpu_time_user": "00:00:00.060",
        "cpu_time_system": "00:00:00.010",
        "runtime": "00:00:00.101",
        "cpu_time_iowait": "00:00:00.000"
    },
    "peak_resources": {
        "cpu_percent": 69.4,
        "memory_rss": "580KiB",
        "memory_vms": "9MiB",
        "threads": 1
    },
    "avg_resources": {
        "cpu_percent": 23.133333333333336,
        "memory_rss": "193KiB",
        "memory_vms": "3MiB",
        "threads": 0.6666666666666666
    }
}