{
    "time": {
        "cpu_time_user": "00:00:00.270",
        "cpu_time_system": "00:00:00.050",
        "runtime": "00:00:00.421",
        "cpu_time_iowait": "00:00:00.000"
    },
    "peak_resources": {
        "cpu_percent": 107.8,
        "memory_rss": "125MiB",
        "memory_vms": "269MiB",
        "threads": 2
    },
    "avg_resources": {
        "cpu_percent": 52.31666666666666,
        "memory_rss": "56MiB",
        "memory_vms": "129MiB",
        "threads": 1.3333333333333333
    }
}