{
	"design__io": 15,
	"design__die__area": 4343.12,
	"design__core__area": 2432.33,
	"design__instance__count": 98,
	"design__instance__area": 1236.19,
	"design__instance__count__stdcell": 98,
	"design__instance__area__stdcell": 1236.19,
	"design__instance__count__macros": 0,
	"design__instance__area__macros": 0,
	"design__instance__utilization": 0.50823,
	"design__instance__utilization__stdcell": 0.50823,
	"design__instance__count__class:inverter": 7,
	"design__instance__count__class:sequential_cell": 17,
	"design__instance__count__class:multi_input_combinational_cell": 74,
	"design__io": 15,
	"design__die__area": 4343.12,
	"design__core__area": 2432.33,
	"design__instance__count": 98,
	"design__instance__area": 1236.19,
	"design__instance__count__stdcell": 98,
	"design__instance__area__stdcell": 1236.19,
	"design__instance__count__macros": 0,
	"design__instance__area__macros": 0,
	"design__instance__utilization": 0.50823,
	"design__instance__utilization__stdcell": 0.50823,
	"flow__warnings__count": 4,
	"flow__errors__count": 0
}