{
    "time": {
        "cpu_time_user": "00:00:00.580",
        "cpu_time_system": "00:00:00.080",
        "runtime": "00:00:00.714",
        "cpu_time_iowait": "00:00:00.000"
    },
    "peak_resources": {
        "cpu_percent": 108.5,
        "memory_rss": "140MiB",
        "memory_vms": "279MiB",
        "threads": 2
    },
    "avg_resources": {
        "cpu_percent": 72.18888888888888,
        "memory_rss": "80MiB",
        "memory_vms": "190MiB",
        "threads": 1.5555555555555556
    }
}