{
    "time": {
        "cpu_time_user": "00:00:00.430",
        "cpu_time_system": "00:00:00.070",
        "runtime": "00:00:00.512",
        "cpu_time_iowait": "00:00:00.000"
    },
    "peak_resources": {
        "cpu_percent": 107.3,
        "memory_rss": "141MiB",
        "memory_vms": "280MiB",
        "threads": 2
    },
    "avg_resources": {
        "cpu_percent": 69.72857142857143,
        "memory_rss": "72MiB",
        "memory_vms": "179MiB",
        "threads": 1.4285714285714286
    }
}