{
    "time": {
        "cpu_time_user": "00:00:00.350",
        "cpu_time_system": "00:00:00.030",
        "runtime": "00:00:00.405",
        "cpu_time_iowait": "00:00:00.000"
    },
    "peak_resources": {
        "cpu_percent": 109.5,
        "memory_rss": "48MiB",
        "memory_vms": "61MiB",
        "threads": 1
    },
    "avg_resources": {
        "cpu_percent": 62.550000000000004,
        "memory_rss": "22MiB",
        "memory_vms": "29MiB",
        "threads": 0.8333333333333334
    }
}