{
    "time": {
        "cpu_time_user": "00:00:00.360",
        "cpu_time_system": "00:00:00.080",
        "runtime": "00:00:00.508",
        "cpu_time_iowait": "00:00:00.000"
    },
    "peak_resources": {
        "cpu_percent": 104.1,
        "memory_rss": "183MiB",
        "memory_vms": "325MiB",
        "threads": 2
    },
    "avg_resources": {
        "cpu_percent": 61.72857142857142,
        "memory_rss": "76MiB",
        "memory_vms": "158MiB",
        "threads": 1.4285714285714286
    }
}