{
   "creator": "Yosys 0.46 (git sha1 e97731b9dda91fa5fa53ed87df7c34163ba59a41, clang++ 17.0.6 -fPIC -O3)",
   "invocation": "stat -json -liberty /home/nakanomiku/DigitalDesign/clk_int_div/runs/RUN_2024-11-01_17-08-01/tmp/5374e4f5301042ac8193ad643a273f1d.lib ",
   "modules": {
      "\\clk_int_div": {
         "num_wires":         248,
         "num_wire_bits":     285,
         "num_pub_wires":     28,
         "num_pub_wire_bits": 65,
         "num_ports":         9,
         "num_port_bits":     23,
         "num_memories":      0,
         "num_memory_bits":   0,
         "num_processes":     0,
         "num_cells":         269,
         "area":              645.619200,
         "num_cells_by_type": {
            "$_ANDNOT_": 62,
            "$_AND_": 5,
            "$_MUX_": 25,
            "$_NAND_": 6,
            "$_NOR_": 10,
            "$_NOT_": 20,
            "$_ORNOT_": 4,
            "$_OR_": 60,
            "$_XNOR_": 4,
            "$_XOR_": 48,
            "sky130_fd_sc_hd__dfrtp_2": 22,
            "sky130_fd_sc_hd__dfstp_2": 2,
            "sky130_fd_sc_hd__dlxtp_1": 1
         }
      }
   },
      "design": {
         "num_wires":         248,
         "num_wire_bits":     285,
         "num_pub_wires":     28,
         "num_pub_wire_bits": 65,
         "num_ports":         9,
         "num_port_bits":     23,
         "num_memories":      0,
         "num_memory_bits":   0,
         "num_processes":     0,
         "num_cells":         269,
         "area":              645.619200,
         "num_cells_by_type": {
            "$_ANDNOT_": 62,
            "$_AND_": 5,
            "$_MUX_": 25,
            "$_NAND_": 6,
            "$_NOR_": 10,
            "$_NOT_": 20,
            "$_ORNOT_": 4,
            "$_OR_": 60,
            "$_XNOR_": 4,
            "$_XOR_": 48,
            "sky130_fd_sc_hd__dfrtp_2": 22,
            "sky130_fd_sc_hd__dfstp_2": 2,
            "sky130_fd_sc_hd__dlxtp_1": 1
         }
      }
}

