{
   "creator": "Yosys 0.46 (git sha1 e97731b9dda91fa5fa53ed87df7c34163ba59a41, clang++ 17.0.6 -fPIC -O3)",
   "invocation": "stat -json -liberty /home/nakanomiku/DigitalDesign/clk_int_div/runs/RUN_2024-11-01_17-08-01/tmp/5374e4f5301042ac8193ad643a273f1d.lib ",
   "modules": {
      "\\clk_int_div": {
         "num_wires":         168,
         "num_wire_bits":     182,
         "num_pub_wires":     28,
         "num_pub_wire_bits": 42,
         "num_ports":         9,
         "num_port_bits":     23,
         "num_memories":      0,
         "num_memory_bits":   0,
         "num_processes":     0,
         "num_cells":         169,
         "area":              2041.958400,
         "num_cells_by_type": {
            "sky130_fd_sc_hd__a211o_2": 1,
            "sky130_fd_sc_hd__a21boi_2": 1,
            "sky130_fd_sc_hd__a21o_2": 7,
            "sky130_fd_sc_hd__a21oi_2": 1,
            "sky130_fd_sc_hd__a221o_2": 1,
            "sky130_fd_sc_hd__a221oi_2": 1,
            "sky130_fd_sc_hd__a22o_2": 3,
            "sky130_fd_sc_hd__a2bb2o_2": 1,
            "sky130_fd_sc_hd__a31o_2": 2,
            "sky130_fd_sc_hd__a32o_2": 6,
            "sky130_fd_sc_hd__and2_2": 2,
            "sky130_fd_sc_hd__and2b_2": 3,
            "sky130_fd_sc_hd__and3_2": 2,
            "sky130_fd_sc_hd__and3b_2": 1,
            "sky130_fd_sc_hd__and4_2": 6,
            "sky130_fd_sc_hd__and4b_2": 1,
            "sky130_fd_sc_hd__dfrtp_2": 22,
            "sky130_fd_sc_hd__dfstp_2": 2,
            "sky130_fd_sc_hd__dlxtp_1": 1,
            "sky130_fd_sc_hd__inv_2": 8,
            "sky130_fd_sc_hd__mux2_1": 12,
            "sky130_fd_sc_hd__nand2_2": 18,
            "sky130_fd_sc_hd__nand2b_2": 2,
            "sky130_fd_sc_hd__nand3_2": 2,
            "sky130_fd_sc_hd__nor2_2": 7,
            "sky130_fd_sc_hd__nor4_2": 1,
            "sky130_fd_sc_hd__o2111a_2": 2,
            "sky130_fd_sc_hd__o211a_2": 2,
            "sky130_fd_sc_hd__o21a_2": 1,
            "sky130_fd_sc_hd__o21ai_2": 3,
            "sky130_fd_sc_hd__o21ba_2": 1,
            "sky130_fd_sc_hd__o31ai_2": 1,
            "sky130_fd_sc_hd__o41a_2": 1,
            "sky130_fd_sc_hd__or2_2": 10,
            "sky130_fd_sc_hd__or3_2": 4,
            "sky130_fd_sc_hd__or4_2": 7,
            "sky130_fd_sc_hd__xnor2_2": 11,
            "sky130_fd_sc_hd__xor2_2": 12
         }
      }
   },
      "design": {
         "num_wires":         168,
         "num_wire_bits":     182,
         "num_pub_wires":     28,
         "num_pub_wire_bits": 42,
         "num_ports":         9,
         "num_port_bits":     23,
         "num_memories":      0,
         "num_memory_bits":   0,
         "num_processes":     0,
         "num_cells":         169,
         "area":              2041.958400,
         "num_cells_by_type": {
            "sky130_fd_sc_hd__a211o_2": 1,
            "sky130_fd_sc_hd__a21boi_2": 1,
            "sky130_fd_sc_hd__a21o_2": 7,
            "sky130_fd_sc_hd__a21oi_2": 1,
            "sky130_fd_sc_hd__a221o_2": 1,
            "sky130_fd_sc_hd__a221oi_2": 1,
            "sky130_fd_sc_hd__a22o_2": 3,
            "sky130_fd_sc_hd__a2bb2o_2": 1,
            "sky130_fd_sc_hd__a31o_2": 2,
            "sky130_fd_sc_hd__a32o_2": 6,
            "sky130_fd_sc_hd__and2_2": 2,
            "sky130_fd_sc_hd__and2b_2": 3,
            "sky130_fd_sc_hd__and3_2": 2,
            "sky130_fd_sc_hd__and3b_2": 1,
            "sky130_fd_sc_hd__and4_2": 6,
            "sky130_fd_sc_hd__and4b_2": 1,
            "sky130_fd_sc_hd__dfrtp_2": 22,
            "sky130_fd_sc_hd__dfstp_2": 2,
            "sky130_fd_sc_hd__dlxtp_1": 1,
            "sky130_fd_sc_hd__inv_2": 8,
            "sky130_fd_sc_hd__mux2_1": 12,
            "sky130_fd_sc_hd__nand2_2": 18,
            "sky130_fd_sc_hd__nand2b_2": 2,
            "sky130_fd_sc_hd__nand3_2": 2,
            "sky130_fd_sc_hd__nor2_2": 7,
            "sky130_fd_sc_hd__nor4_2": 1,
            "sky130_fd_sc_hd__o2111a_2": 2,
            "sky130_fd_sc_hd__o211a_2": 2,
            "sky130_fd_sc_hd__o21a_2": 1,
            "sky130_fd_sc_hd__o21ai_2": 3,
            "sky130_fd_sc_hd__o21ba_2": 1,
            "sky130_fd_sc_hd__o31ai_2": 1,
            "sky130_fd_sc_hd__o41a_2": 1,
            "sky130_fd_sc_hd__or2_2": 10,
            "sky130_fd_sc_hd__or3_2": 4,
            "sky130_fd_sc_hd__or4_2": 7,
            "sky130_fd_sc_hd__xnor2_2": 11,
            "sky130_fd_sc_hd__xor2_2": 12
         }
      }
}

