{
    "time": {
        "cpu_time_user": "00:00:00.310",
        "cpu_time_system": "00:00:00.030",
        "runtime": "00:00:00.410",
        "cpu_time_iowait": "00:00:00.000"
    },
    "peak_resources": {
        "cpu_percent": 101.1,
        "memory_rss": "50MiB",
        "memory_vms": "62MiB",
        "threads": 1
    },
    "avg_resources": {
        "cpu_percent": 55.033333333333324,
        "memory_rss": "26MiB",
        "memory_vms": "35MiB",
        "threads": 0.8333333333333334
    }
}