{
    "time": {
        "cpu_time_user": "00:00:00.300",
        "cpu_time_system": "00:00:00.040",
        "runtime": "00:00:00.409",
        "cpu_time_iowait": "00:00:00.000"
    },
    "peak_resources": {
        "cpu_percent": 99.4,
        "memory_rss": "128MiB",
        "memory_vms": "270MiB",
        "threads": 2
    },
    "avg_resources": {
        "cpu_percent": 55.61666666666667,
        "memory_rss": "58MiB",
        "memory_vms": "129MiB",
        "threads": 1.3333333333333333
    }
}